,Year,Value
0,2019,"728,239"
1,2019,"643,809"
2,2019,"62,924"
3,2019,"21,505"
4,2019,"634,710"
5,2019,"35,250"
6,2019,"7,458"
7,2019,"20,977"
8,2019,"112,960"
9,2019,206
10,2019,"1,767"
11,2019,"445,481"
12,2019,"10,817"
13,2019,"63,932"
14,2019,"67,518"
15,2019,"97,114"
16,2019,"2,216,127"
17,2019,"612,930"
18,2019,"535,710"
19,2019,"1,067,488"
20,2019,"2,216,127"
21,2019,"736,065"
22,2019,"805,521"
23,2019,"674,542"
24,2019,"384,900"
25,2019,"51,300"
26,2019,76
27,2019,68
28,2019,13
29,2019,4
30,2019,33
31,2019,"45,620"
32,2019,"43,216"
33,2019,485
34,2019,14
35,2019,"1,905"
36,2019,"39,327"
37,2019,"2,928"
38,2019,475
39,2019,"2,080"
40,2019,"5,574"
41,2019,0
42,2019,"27,696"
43,2019,573
44,2019,"14,659"
45,2019,"14,857"
46,2019,"6,491"
47,2019,"179,023"
48,2019,"34,692"
49,2019,"103,077"
50,2019,"41,254"
51,2019,"179,023"
52,2019,"83,094"
53,2019,"31,413"
54,2019,"64,516"
55,2019,"389,700"
56,2019,"55,400"
57,2019,110
58,2019,63
59,2019,8
60,2019,4
61,2019,46
62,2019,"4,788"
63,2019,"4,471"
64,2019,132
65,2019,185
66,2019,"3,981"
67,2019,202
68,2019,36
69,2019,231
70,2019,820
71,2019,0
72,2019,"2,673"
73,2019,19
74,2019,339
75,2019,363
76,2019,832
77,2019,"14,972"
78,2019,"2,671"
79,2019,"9,750"
80,2019,"2,551"
81,2019,"14,972"
82,2019,"6,967"
83,2019,"3,500"
84,2019,"4,505"
85,2019,"185,800"
86,2019,"32,300"
87,2019,76
88,2019,66
89,2019,12
90,2019,6
91,2019,47
92,2019,"4,788"
93,2019,"4,471"
94,2019,132
95,2019,185
96,2019,"3,981"
97,2019,202
98,2019,36
99,2019,231
100,2019,820
101,2019,0
102,2019,"2,673"
103,2019,19
104,2019,339
105,2019,363
106,2019,832
107,2019,"14,972"
108,2019,"2,671"
109,2019,"9,750"
110,2019,"2,551"
111,2019,"14,972"
112,2019,"6,967"
113,2019,"3,500"
114,2019,"4,505"
115,2019,"185,800"
116,2019,"32,300"
117,2019,76
118,2019,66
119,2019,12
120,2019,6
121,2019,47
122,2019,"11,872"
123,2019,"11,152"
124,2019,134
125,2019,586
126,2019,"10,381"
127,2019,706
128,2019,183
129,2019,551
130,2019,"1,036"
131,2019,0
132,2019,"7,836"
133,2019,69
134,2019,"6,526"
135,2019,"6,689"
136,2019,"1,654"
137,2019,"58,600"
138,2019,"13,347"
139,2019,"37,381"
140,2019,"7,872"
141,2019,"58,600"
142,2019,"32,303"
143,2019,"10,064"
144,2019,"16,233"
145,2019,"527,800"
146,2019,"73,500"
147,2019,133
148,2019,66
149,2019,5
150,2019,3
151,2019,55
152,2019,"11,872"
153,2019,"11,152"
154,2019,134
155,2019,586
156,2019,"10,381"
157,2019,706
158,2019,183
159,2019,551
160,2019,"1,036"
161,2019,0
162,2019,"7,836"
163,2019,69
164,2019,"6,526"
165,2019,"6,689"
166,2019,"1,654"
167,2019,"58,600"
168,2019,"13,347"
169,2019,"37,381"
170,2019,"7,872"
171,2019,"58,600"
172,2019,"32,303"
173,2019,"10,064"
174,2019,"16,233"
175,2019,"527,800"
176,2019,"73,500"
177,2019,133
178,2019,66
179,2019,5
180,2019,3
181,2019,55
182,2019,"13,757"
183,2019,"13,362"
184,2019,97
185,2019,299
186,2019,"12,188"
187,2019,"1,596"
188,2019,183
189,2019,670
190,2019,"1,480"
191,2019,0
192,2019,"8,225"
193,2019,34
194,2019,"6,416"
195,2019,"6,370"
196,2019,"1,524"
197,2019,"66,151"
198,2019,"11,893"
199,2019,"43,332"
200,2019,"10,925"
201,2019,"66,151"
202,2019,"22,115"
203,2019,"11,338"
204,2019,"32,698"
205,2019,"533,700"
206,2019,"59,100"
207,2019,105
208,2019,49
209,2019,7
210,2019,2
211,2019,33
212,2019,"13,757"
213,2019,"13,362"
214,2019,97
215,2019,299
216,2019,"12,188"
217,2019,"1,596"
218,2019,183
219,2019,670
220,2019,"1,480"
221,2019,0
222,2019,"8,225"
223,2019,34
224,2019,"6,416"
225,2019,"6,370"
226,2019,"1,524"
227,2019,"66,151"
228,2019,"11,893"
229,2019,"43,332"
230,2019,"10,925"
231,2019,"66,151"
232,2019,"22,115"
233,2019,"11,338"
234,2019,"32,698"
235,2019,"533,700"
236,2019,"59,100"
237,2019,105
238,2019,49
239,2019,7
240,2019,2
241,2019,33
242,2019,"2,127"
243,2019,"2,071"
244,2019,22
245,2019,35
246,2019,"2,001"
247,2019,101
248,2019,15
249,2019,112
250,2019,289
251,2019,0
252,2019,"1,478"
253,2019,7
254,2019,679
255,2019,723
256,2019,170
257,2019,"6,758"
258,2019,"1,891"
259,2019,"3,930"
260,2019,936
261,2019,"6,758"
262,2019,"2,863"
263,2019,"1,680"
264,2019,"2,214"
265,2019,"346,700"
266,2019,"27,800"
267,2019,113
268,2019,70
269,2019,6
270,2019,3
271,2019,42
272,2019,"2,127"
273,2019,"2,071"
274,2019,22
275,2019,35
276,2019,"2,001"
277,2019,101
278,2019,15
279,2019,112
280,2019,289
281,2019,0
282,2019,"1,478"
283,2019,7
284,2019,679
285,2019,723
286,2019,170
287,2019,"6,758"
288,2019,"1,891"
289,2019,"3,930"
290,2019,936
291,2019,"6,758"
292,2019,"2,863"
293,2019,"1,680"
294,2019,"2,214"
295,2019,"346,700"
296,2019,"27,800"
297,2019,113
298,2019,70
299,2019,6
300,2019,3
301,2019,42
302,2019,"6,766"
303,2019,"6,021"
304,2019,25
305,2019,0
306,2019,721
307,2019,"5,092"
308,2019,172
309,2019,20
310,2019,187
311,2019,407
312,2019,0
313,2019,"3,915"
314,2019,391
315,2019,293
316,2019,269
317,2019,"1,650"
318,2019,"23,670"
319,2019,"2,505"
320,2019,"4,315"
321,2019,"16,851"
322,2019,"23,670"
323,2019,"15,167"
324,2019,"2,660"
325,2019,"5,843"
326,2019,"1,329,400"
327,2019,"324,300"
328,2019,94
329,2019,84
330,2019,11
331,2019,7
332,2019,64
333,2019,"6,766"
334,2019,"6,021"
335,2019,25
336,2019,0
337,2019,721
338,2019,"5,092"
339,2019,172
340,2019,20
341,2019,187
342,2019,407
343,2019,0
344,2019,"3,915"
345,2019,391
346,2019,293
347,2019,269
348,2019,"1,650"
349,2019,"23,670"
350,2019,"2,505"
351,2019,"4,315"
352,2019,"16,851"
353,2019,"23,670"
354,2019,"15,167"
355,2019,"2,660"
356,2019,"5,843"
357,2019,"1,329,400"
358,2019,"324,300"
359,2019,94
360,2019,84
361,2019,11
362,2019,7
363,2019,64
364,2019,"1,575"
365,2019,"1,506"
366,2019,45
367,2019,24
368,2019,"1,330"
369,2019,25
370,2019,20
371,2019,64
372,2019,229
373,2019,0
374,2019,981
375,2019,11
376,2019,161
377,2019,158
378,2019,242
379,2019,"2,237"
380,2019,643
381,2019,619
382,2019,975
383,2019,"2,237"
384,2019,"1,114"
385,2019,429
386,2019,695
387,2019,"521,500"
388,2019,"80,300"
389,2019,150
390,2019,113
391,2019,22
392,2019,11
393,2019,50
394,2019,"4,734"
395,2019,"4,635"
396,2019,31
397,2019,13
398,2019,56
399,2019,"4,356"
400,2019,127
401,2019,18
402,2019,266
403,2019,"1,314"
404,2019,0
405,2019,"2,588"
406,2019,42
407,2019,246
408,2019,285
409,2019,418
410,2019,"6,635"
411,2019,"1,742"
412,2019,"3,750"
413,2019,"1,143"
414,2019,"6,635"
415,2019,"2,565"
416,2019,"1,742"
417,2019,"2,328"
418,2019,"164,500"
419,2019,"14,500"
420,2019,100
421,2019,84
422,2019,16
423,2019,6
424,2019,39
425,2019,"6,223"
426,2019,"5,129"
427,2019,C
428,2019,3
429,2019,C
430,2019,"4,721"
431,2019,147
432,2019,44
433,2019,755
434,2019,647
435,2019,0
436,2019,"2,523"
437,2019,607
438,2019,274
439,2019,284
440,2019,"1,512"
441,2019,"19,302"
442,2019,"4,926"
443,2019,"8,197"
444,2019,928
445,2019,131
446,2019,"6,179"
447,2019,"19,302"
448,2019,"4,639"
449,2019,"7,902"
450,2019,"6,761"
451,2019,"1,211,100"
452,2019,"294,200"
453,2019,62
454,2019,59
455,2019,33
456,2019,8
457,2019,24
458,2019,"118,711"
459,2019,"10,836"
460,2019,"106,110"
461,2019,575
462,2019,100
463,2019,"1,090"
464,2019,"110,985"
465,2019,872
466,2019,"3,814"
467,2019,"2,974"
468,2019,"15,817"
469,2019,33
470,2019,"8,349"
471,2019,"78,508"
472,2019,650
473,2019,"14,124"
474,2019,"15,223"
475,2019,"8,825"
476,2019,"91,311"
477,2019,"42,072"
478,2019,"30,723"
479,2019,"5,261"
480,2019,"1,059"
481,2019,"18,516"
482,2019,"91,311"
483,2019,"42,694"
484,2019,"29,238"
485,2019,"19,378"
486,2019,"501,900"
487,2019,"37,300"
488,2019,144
489,2019,92
490,2019,23
491,2019,21
492,2019,10
493,2019,47
494,2019,"6,528"
495,2019,314
496,2019,"6,074"
497,2019,24
498,2019,1
499,2019,114
500,2019,"6,011"
501,2019,98
502,2019,"1,128"
503,2019,220
504,2019,681
505,2019,4
506,2019,218
507,2019,"3,633"
508,2019,33
509,2019,"1,742"
510,2019,"1,870"
511,2019,646
512,2019,"9,741"
513,2019,"4,197"
514,2019,"4,014"
515,2019,449
516,2019,136
517,2019,"1,529"
518,2019,"9,741"
519,2019,"5,123"
520,2019,"2,119"
521,2019,"2,499"
522,2019,"635,600"
523,2019,"62,900"
524,2019,198
525,2019,110
526,2019,31
527,2019,13
528,2019,7
529,2019,53
530,2019,"6,528"
531,2019,314
532,2019,"6,074"
533,2019,24
534,2019,1
535,2019,114
536,2019,"6,011"
537,2019,98
538,2019,"1,128"
539,2019,220
540,2019,681
541,2019,4
542,2019,218
543,2019,"3,633"
544,2019,33
545,2019,"1,742"
546,2019,"1,870"
547,2019,646
548,2019,"9,741"
549,2019,"4,197"
550,2019,"4,014"
551,2019,449
552,2019,136
553,2019,"1,529"
554,2019,"9,741"
555,2019,"5,123"
556,2019,"2,119"
557,2019,"2,499"
558,2019,"635,600"
559,2019,"62,900"
560,2019,198
561,2019,110
562,2019,31
563,2019,13
564,2019,7
565,2019,53
566,2019,"2,251"
567,2019,251
568,2019,"1,986"
569,2019,4
570,2019,1
571,2019,8
572,2019,"2,184"
573,2019,21
574,2019,6
575,2019,39
576,2019,445
577,2019,0
578,2019,164
579,2019,"1,488"
580,2019,21
581,2019,403
582,2019,458
583,2019,122
584,2019,"1,527"
585,2019,964
586,2019,366
587,2019,55
588,2019,22
589,2019,196
590,2019,"1,527"
591,2019,643
592,2019,599
593,2019,285
594,2019,"254,100"
595,2019,"13,800"
596,2019,161
597,2019,84
598,2019,35
599,2019,19
600,2019,8
601,2019,42
602,2019,"1,696"
603,2019,197
604,2019,"1,488"
605,2019,3
606,2019,1
607,2019,7
608,2019,"1,656"
609,2019,16
610,2019,4
611,2019,31
612,2019,315
613,2019,0
614,2019,136
615,2019,"1,135"
616,2019,20
617,2019,272
618,2019,290
619,2019,57
620,2019,"1,127"
621,2019,677
622,2019,296
623,2019,39
624,2019,14
625,2019,154
626,2019,"1,127"
627,2019,484
628,2019,449
629,2019,195
630,2019,"305,600"
631,2019,"10,300"
632,2019,151
633,2019,86
634,2019,31
635,2019,12
636,2019,5
637,2019,43
638,2019,555
639,2019,54
640,2019,499
641,2019,1
642,2019,0
643,2019,1
644,2019,528
645,2019,5
646,2019,2
647,2019,9
648,2019,130
649,2019,0
650,2019,28
651,2019,353
652,2019,1
653,2019,131
654,2019,169
655,2019,65
656,2019,399
657,2019,287
658,2019,70
659,2019,16
660,2019,8
661,2019,42
662,2019,399
663,2019,159
664,2019,151
665,2019,90
666,2019,"167,900"
667,2019,"19,600"
668,2019,190
669,2019,78
670,2019,48
671,2019,41
672,2019,16
673,2019,40
674,2019,"5,856"
675,2019,248
676,2019,"5,579"
677,2019,9
678,2019,1
679,2019,19
680,2019,"5,537"
681,2019,45
682,2019,14
683,2019,145
684,2019,"1,032"
685,2019,C
686,2019,161
687,2019,"4,118"
688,2019,21
689,2019,661
690,2019,690
691,2019,349
692,2019,"4,039"
693,2019,"1,964"
694,2019,"1,477"
695,2019,306
696,2019,47
697,2019,599
698,2019,"4,039"
699,2019,"1,807"
700,2019,"1,467"
701,2019,764
702,2019,"346,100"
703,2019,"20,600"
704,2019,134
705,2019,87
706,2019,35
707,2019,19
708,2019,9
709,2019,45
710,2019,"5,856"
711,2019,248
712,2019,"5,579"
713,2019,9
714,2019,1
715,2019,19
716,2019,"5,537"
717,2019,45
718,2019,14
719,2019,145
720,2019,"1,032"
721,2019,C
722,2019,161
723,2019,"4,118"
724,2019,21
725,2019,661
726,2019,690
727,2019,349
728,2019,"4,039"
729,2019,"1,964"
730,2019,"1,477"
731,2019,306
732,2019,47
733,2019,599
734,2019,"4,039"
735,2019,"1,807"
736,2019,"1,467"
737,2019,764
738,2019,"346,100"
739,2019,"20,600"
740,2019,134
741,2019,87
742,2019,35
743,2019,19
744,2019,9
745,2019,45
746,2019,"3,533"
747,2019,C
748,2019,"3,303"
749,2019,C
750,2019,0
751,2019,C
752,2019,"3,260"
753,2019,13
754,2019,8
755,2019,169
756,2019,439
757,2019,2
758,2019,81
759,2019,"2,544"
760,2019,7
761,2019,456
762,2019,537
763,2019,354
764,2019,"4,185"
765,2019,"2,073"
766,2019,C
767,2019,114
768,2019,20
769,2019,C
770,2019,"4,185"
771,2019,C
772,2019,"1,017"
773,2019,C
774,2019,"716,900"
775,2019,"71,900"
776,2019,204
777,2019,151
778,2019,C
779,2019,C
780,2019,8
781,2019,C
782,2019,"3,533"
783,2019,C
784,2019,"3,303"
785,2019,C
786,2019,0
787,2019,C
788,2019,"3,260"
789,2019,13
790,2019,8
791,2019,169
792,2019,439
793,2019,2
794,2019,81
795,2019,"2,544"
796,2019,7
797,2019,456
798,2019,537
799,2019,354
800,2019,"4,185"
801,2019,"2,073"
802,2019,C
803,2019,114
804,2019,20
805,2019,C
806,2019,"4,185"
807,2019,C
808,2019,"1,017"
809,2019,C
810,2019,"716,900"
811,2019,"71,900"
812,2019,204
813,2019,151
814,2019,C
815,2019,C
816,2019,8
817,2019,C
818,2019,"1,570"
819,2019,124
820,2019,"1,437"
821,2019,4
822,2019,0
823,2019,5
824,2019,"1,483"
825,2019,13
826,2019,10
827,2019,61
828,2019,446
829,2019,0
830,2019,87
831,2019,854
832,2019,12
833,2019,121
834,2019,125
835,2019,91
836,2019,920
837,2019,481
838,2019,284
839,2019,43
840,2019,16
841,2019,155
842,2019,920
843,2019,177
844,2019,463
845,2019,280
846,2019,"212,300"
847,2019,"12,300"
848,2019,104
849,2019,77
850,2019,30
851,2019,52
852,2019,10
853,2019,19
854,2019,"1,570"
855,2019,124
856,2019,"1,437"
857,2019,4
858,2019,0
859,2019,5
860,2019,"1,483"
861,2019,13
862,2019,10
863,2019,61
864,2019,446
865,2019,0
866,2019,87
867,2019,854
868,2019,12
869,2019,121
870,2019,125
871,2019,91
872,2019,920
873,2019,481
874,2019,284
875,2019,43
876,2019,16
877,2019,155
878,2019,920
879,2019,177
880,2019,463
881,2019,280
882,2019,"212,300"
883,2019,"12,300"
884,2019,104
885,2019,77
886,2019,30
887,2019,52
888,2019,10
889,2019,19
890,2019,"13,731"
891,2019,C
892,2019,"9,155"
893,2019,C
894,2019,0
895,2019,C
896,2019,"12,993"
897,2019,C
898,2019,"2,411"
899,2019,263
900,2019,246
901,2019,C
902,2019,"3,859"
903,2019,"6,030"
904,2019,C
905,2019,"1,378"
906,2019,"1,328"
907,2019,688
908,2019,"6,648"
909,2019,"2,932"
910,2019,C
911,2019,407
912,2019,C
913,2019,C
914,2019,"6,648"
915,2019,"2,513"
916,2019,"2,019"
917,2019,"2,116"
918,2019,"9,680,800"
919,2019,"485,300"
920,2019,145
921,2019,79
922,2019,C
923,2019,27
924,2019,10
925,2019,38
926,2019,"13,731"
927,2019,C
928,2019,"9,155"
929,2019,C
930,2019,0
931,2019,C
932,2019,"12,993"
933,2019,C
934,2019,"2,411"
935,2019,263
936,2019,246
937,2019,C
938,2019,"3,859"
939,2019,"6,030"
940,2019,C
941,2019,"1,378"
942,2019,"1,328"
943,2019,688
944,2019,"6,648"
945,2019,"2,932"
946,2019,C
947,2019,407
948,2019,C
949,2019,C
950,2019,"6,648"
951,2019,"2,513"
952,2019,"2,019"
953,2019,"2,116"
954,2019,"9,680,800"
955,2019,"485,300"
956,2019,145
957,2019,79
958,2019,C
959,2019,27
960,2019,10
961,2019,38
962,2019,"6,001"
963,2019,"1,227"
964,2019,"4,706"
965,2019,23
966,2019,C
967,2019,C
968,2019,"5,622"
969,2019,84
970,2019,20
971,2019,231
972,2019,663
973,2019,C
974,2019,884
975,2019,"3,687"
976,2019,52
977,2019,913
978,2019,991
979,2019,456
980,2019,"5,573"
981,2019,"2,624"
982,2019,"1,941"
983,2019,460
984,2019,37
985,2019,"1,008"
986,2019,"5,573"
987,2019,"2,610"
988,2019,"1,950"
989,2019,"1,012"
990,2019,"687,100"
991,2019,"52,300"
992,2019,135
993,2019,84
994,2019,28
995,2019,17
996,2019,8
997,2019,47
998,2019,"1,998"
999,2019,C
1000,2019,C
1001,2019,C
1002,2019,C
1003,2019,"1,783"
1004,2019,53
1005,2019,5
1006,2019,117
1007,2019,169
1008,2019,0
1009,2019,"1,411"
1010,2019,28
1011,2019,190
1012,2019,191
1013,2019,216
1014,2019,"1,976"
1015,2019,826
1016,2019,877
1017,2019,216
1018,2019,7
1019,2019,272
1020,2019,"1,976"
1021,2019,555
1022,2019,856
1023,2019,564
1024,2019,"1,133,100"
1025,2019,"122,700"
1026,2019,97
1027,2019,74
1028,2019,39
1029,2019,11
1030,2019,28
1031,2019,"1,958"
1032,2019,C
1033,2019,C
1034,2019,C
1035,2019,C
1036,2019,"1,897"
1037,2019,13
1038,2019,8
1039,2019,64
1040,2019,167
1041,2019,0
1042,2019,"1,637"
1043,2019,8
1044,2019,352
1045,2019,381
1046,2019,90
1047,2019,"1,634"
1048,2019,762
1049,2019,618
1050,2019,138
1051,2019,21
1052,2019,254
1053,2019,"1,634"
1054,2019,"1,076"
1055,2019,457
1056,2019,102
1057,2019,"1,046,200"
1058,2019,"48,000"
1059,2019,167
1060,2019,83
1061,2019,8
1062,2019,5
1063,2019,66
1064,2019,"2,045"
1065,2019,460
1066,2019,"1,569"
1067,2019,5
1068,2019,0
1069,2019,10
1070,2019,"1,942"
1071,2019,19
1072,2019,7
1073,2019,50
1074,2019,327
1075,2019,C
1076,2019,302
1077,2019,"1,222"
1078,2019,16
1079,2019,371
1080,2019,418
1081,2019,150
1082,2019,"1,962"
1083,2019,"1,036"
1084,2019,445
1085,2019,106
1086,2019,9
1087,2019,481
1088,2019,"1,962"
1089,2019,980
1090,2019,637
1091,2019,346
1092,2019,"401,000"
1093,2019,"29,500"
1094,2019,163
1095,2019,97
1096,2019,34
1097,2019,15
1098,2019,8
1099,2019,50
1100,2019,"3,901"
1101,2019,317
1102,2019,"3,532"
1103,2019,13
1104,2019,1
1105,2019,38
1106,2019,"3,475"
1107,2019,29
1108,2019,20
1109,2019,110
1110,2019,791
1111,2019,1
1112,2019,187
1113,2019,"2,274"
1114,2019,63
1115,2019,554
1116,2019,583
1117,2019,456
1118,2019,"3,721"
1119,2019,"1,707"
1120,2019,916
1121,2019,110
1122,2019,22
1123,2019,"1,098"
1124,2019,"3,721"
1125,2019,"1,859"
1126,2019,"1,378"
1127,2019,483
1128,2019,"317,500"
1129,2019,"37,100"
1130,2019,124
1131,2019,81
1132,2019,41
1133,2019,25
1134,2019,12
1135,2019,50
1136,2019,"3,901"
1137,2019,317
1138,2019,"3,532"
1139,2019,13
1140,2019,1
1141,2019,38
1142,2019,"3,475"
1143,2019,29
1144,2019,20
1145,2019,110
1146,2019,791
1147,2019,1
1148,2019,187
1149,2019,"2,274"
1150,2019,63
1151,2019,554
1152,2019,583
1153,2019,456
1154,2019,"3,721"
1155,2019,"1,707"
1156,2019,916
1157,2019,110
1158,2019,22
1159,2019,"1,098"
1160,2019,"3,721"
1161,2019,"1,859"
1162,2019,"1,378"
1163,2019,483
1164,2019,"317,500"
1165,2019,"37,100"
1166,2019,124
1167,2019,81
1168,2019,41
1169,2019,25
1170,2019,12
1171,2019,50
1172,2019,"3,633"
1173,2019,424
1174,2019,"3,189"
1175,2019,11
1176,2019,0
1177,2019,8
1178,2019,"3,283"
1179,2019,41
1180,2019,18
1181,2019,133
1182,2019,595
1183,2019,C
1184,2019,341
1185,2019,"2,140"
1186,2019,16
1187,2019,301
1188,2019,325
1189,2019,373
1190,2019,"3,245"
1191,2019,"1,230"
1192,2019,"1,328"
1193,2019,243
1194,2019,51
1195,2019,686
1196,2019,"3,245"
1197,2019,"1,942"
1198,2019,862
1199,2019,441
1200,2019,"368,700"
1201,2019,"37,900"
1202,2019,143
1203,2019,105
1204,2019,20
1205,2019,19
1206,2019,12
1207,2019,60
1208,2019,"3,633"
1209,2019,424
1210,2019,"3,189"
1211,2019,11
1212,2019,0
1213,2019,8
1214,2019,"3,283"
1215,2019,41
1216,2019,18
1217,2019,133
1218,2019,595
1219,2019,C
1220,2019,341
1221,2019,"2,140"
1222,2019,16
1223,2019,301
1224,2019,325
1225,2019,373
1226,2019,"3,245"
1227,2019,"1,230"
1228,2019,"1,328"
1229,2019,243
1230,2019,51
1231,2019,686
1232,2019,"3,245"
1233,2019,"1,942"
1234,2019,862
1235,2019,441
1236,2019,"368,700"
1237,2019,"37,900"
1238,2019,143
1239,2019,105
1240,2019,20
1241,2019,19
1242,2019,12
1243,2019,60
1244,2019,"4,143"
1245,2019,C
1246,2019,"3,631"
1247,2019,31
1248,2019,C
1249,2019,C
1250,2019,"3,734"
1251,2019,C
1252,2019,4
1253,2019,128
1254,2019,446
1255,2019,C
1256,2019,78
1257,2019,"3,029"
1258,2019,C
1259,2019,501
1260,2019,622
1261,2019,530
1262,2019,"3,137"
1263,2019,"1,216"
1264,2019,911
1265,2019,179
1266,2019,C
1267,2019,"1,010"
1268,2019,"3,137"
1269,2019,C
1270,2019,995
1271,2019,C
1272,2019,"830,700"
1273,2019,"106,200"
1274,2019,122
1275,2019,60
1276,2019,C
1277,2019,C
1278,2019,17
1279,2019,C
1280,2019,"4,143"
1281,2019,C
1282,2019,"3,631"
1283,2019,31
1284,2019,C
1285,2019,C
1286,2019,"3,734"
1287,2019,C
1288,2019,4
1289,2019,128
1290,2019,446
1291,2019,C
1292,2019,78
1293,2019,"3,029"
1294,2019,C
1295,2019,501
1296,2019,622
1297,2019,530
1298,2019,"3,137"
1299,2019,"1,216"
1300,2019,911
1301,2019,179
1302,2019,C
1303,2019,"1,010"
1304,2019,"3,137"
1305,2019,C
1306,2019,995
1307,2019,C
1308,2019,"830,700"
1309,2019,"106,200"
1310,2019,122
1311,2019,60
1312,2019,C
1313,2019,C
1314,2019,17
1315,2019,C
1316,2019,"7,138"
1317,2019,438
1318,2019,"6,564"
1319,2019,27
1320,2019,1
1321,2019,107
1322,2019,"6,455"
1323,2019,47
1324,2019,22
1325,2019,123
1326,2019,"1,566"
1327,2019,1
1328,2019,334
1329,2019,"4,306"
1330,2019,58
1331,2019,568
1332,2019,607
1333,2019,723
1334,2019,"4,402"
1335,2019,"2,622"
1336,2019,985
1337,2019,231
1338,2019,84
1339,2019,795
1340,2019,"4,402"
1341,2019,"1,940"
1342,2019,"1,740"
1343,2019,722
1344,2019,"281,500"
1345,2019,"28,500"
1346,2019,151
1347,2019,116
1348,2019,24
1349,2019,37
1350,2019,16
1351,2019,44
1352,2019,"7,138"
1353,2019,438
1354,2019,"6,564"
1355,2019,27
1356,2019,1
1357,2019,107
1358,2019,"6,455"
1359,2019,47
1360,2019,22
1361,2019,123
1362,2019,"1,566"
1363,2019,1
1364,2019,334
1365,2019,"4,306"
1366,2019,58
1367,2019,568
1368,2019,607
1369,2019,723
1370,2019,"4,402"
1371,2019,"2,622"
1372,2019,985
1373,2019,231
1374,2019,84
1375,2019,795
1376,2019,"4,402"
1377,2019,"1,940"
1378,2019,"1,740"
1379,2019,722
1380,2019,"281,500"
1381,2019,"28,500"
1382,2019,151
1383,2019,116
1384,2019,24
1385,2019,37
1386,2019,16
1387,2019,44
1388,2019,"4,159"
1389,2019,93
1390,2019,"4,055"
1391,2019,6
1392,2019,2
1393,2019,3
1394,2019,"3,919"
1395,2019,17
1396,2019,8
1397,2019,58
1398,2019,890
1399,2019,C
1400,2019,72
1401,2019,"2,865"
1402,2019,10
1403,2019,614
1404,2019,665
1405,2019,291
1406,2019,"2,634"
1407,2019,"1,747"
1408,2019,672
1409,2019,116
1410,2019,40
1411,2019,216
1412,2019,"2,634"
1413,2019,"1,122"
1414,2019,"1,060"
1415,2019,452
1416,2019,"329,500"
1417,2019,"23,000"
1418,2019,165
1419,2019,102
1420,2019,22
1421,2019,26
1422,2019,11
1423,2019,43
1424,2019,"4,159"
1425,2019,93
1426,2019,"4,055"
1427,2019,6
1428,2019,2
1429,2019,3
1430,2019,"3,919"
1431,2019,17
1432,2019,8
1433,2019,58
1434,2019,890
1435,2019,C
1436,2019,72
1437,2019,"2,865"
1438,2019,10
1439,2019,614
1440,2019,665
1441,2019,291
1442,2019,"2,634"
1443,2019,"1,747"
1444,2019,672
1445,2019,116
1446,2019,40
1447,2019,216
1448,2019,"2,634"
1449,2019,"1,122"
1450,2019,"1,060"
1451,2019,452
1452,2019,"329,500"
1453,2019,"23,000"
1454,2019,165
1455,2019,102
1456,2019,22
1457,2019,26
1458,2019,11
1459,2019,43
1460,2019,"9,010"
1461,2019,956
1462,2019,"7,927"
1463,2019,33
1464,2019,28
1465,2019,66
1466,2019,"8,294"
1467,2019,81
1468,2019,22
1469,2019,251
1470,2019,"2,053"
1471,2019,1
1472,2019,634
1473,2019,"5,162"
1474,2019,91
1475,2019,964
1476,2019,"1,116"
1477,2019,869
1478,2019,"7,473"
1479,2019,"4,015"
1480,2019,"1,315"
1481,2019,359
1482,2019,75
1483,2019,"2,143"
1484,2019,"7,473"
1485,2019,"3,137"
1486,2019,"2,997"
1487,2019,"1,339"
1488,2019,"317,400"
1489,2019,"30,600"
1490,2019,134
1491,2019,97
1492,2019,34
1493,2019,28
1494,2019,12
1495,2019,42
1496,2019,"4,215"
1497,2019,382
1498,2019,"3,780"
1499,2019,15
1500,2019,19
1501,2019,18
1502,2019,"3,892"
1503,2019,46
1504,2019,9
1505,2019,152
1506,2019,908
1507,2019,1
1508,2019,251
1509,2019,"2,488"
1510,2019,37
1511,2019,428
1512,2019,524
1513,2019,419
1514,2019,"4,297"
1515,2019,"1,925"
1516,2019,615
1517,2019,170
1518,2019,18
1519,2019,"1,758"
1520,2019,"4,297"
1521,2019,"1,739"
1522,2019,"1,724"
1523,2019,834
1524,2019,"351,400"
1525,2019,"35,000"
1526,2019,112
1527,2019,81
1528,2019,34
1529,2019,24
1530,2019,10
1531,2019,40
1532,2019,"4,796"
1533,2019,574
1534,2019,"4,147"
1535,2019,18
1536,2019,8
1537,2019,48
1538,2019,"4,402"
1539,2019,36
1540,2019,13
1541,2019,99
1542,2019,"1,144"
1543,2019,1
1544,2019,383
1545,2019,"2,673"
1546,2019,54
1547,2019,536
1548,2019,592
1549,2019,449
1550,2019,"3,176"
1551,2019,"2,090"
1552,2019,700
1553,2019,189
1554,2019,57
1555,2019,385
1556,2019,"3,176"
1557,2019,"1,398"
1558,2019,"1,273"
1559,2019,505
1560,2019,"292,500"
1561,2019,"27,400"
1562,2019,164
1563,2019,118
1564,2019,33
1565,2019,32
1566,2019,14
1567,2019,44
1568,2019,"2,031"
1569,2019,169
1570,2019,"1,853"
1571,2019,4
1572,2019,1
1573,2019,5
1574,2019,"1,877"
1575,2019,20
1576,2019,8
1577,2019,44
1578,2019,508
1579,2019,0
1580,2019,108
1581,2019,"1,176"
1582,2019,13
1583,2019,241
1584,2019,268
1585,2019,181
1586,2019,"1,293"
1587,2019,748
1588,2019,326
1589,2019,82
1590,2019,29
1591,2019,219
1592,2019,"1,293"
1593,2019,481
1594,2019,543
1595,2019,269
1596,2019,"227,300"
1597,2019,"20,300"
1598,2019,138
1599,2019,88
1600,2019,36
1601,2019,38
1602,2019,14
1603,2019,37
1604,2019,"1,293"
1605,2019,85
1606,2019,"1,203"
1607,2019,2
1608,2019,0
1609,2019,3
1610,2019,"1,185"
1611,2019,12
1612,2019,6
1613,2019,29
1614,2019,332
1615,2019,0
1616,2019,50
1617,2019,746
1618,2019,10
1619,2019,118
1620,2019,129
1621,2019,118
1622,2019,780
1623,2019,434
1624,2019,202
1625,2019,52
1626,2019,17
1627,2019,144
1628,2019,780
1629,2019,284
1630,2019,304
1631,2019,192
1632,2019,"219,500"
1633,2019,"20,100"
1634,2019,143
1635,2019,100
1636,2019,41
1637,2019,42
1638,2019,15
1639,2019,36
1640,2019,738
1641,2019,84
1642,2019,650
1643,2019,1
1644,2019,1
1645,2019,1
1646,2019,692
1647,2019,7
1648,2019,2
1649,2019,15
1650,2019,175
1651,2019,0
1652,2019,59
1653,2019,431
1654,2019,3
1655,2019,123
1656,2019,139
1657,2019,63
1658,2019,513
1659,2019,315
1660,2019,124
1661,2019,30
1662,2019,12
1663,2019,75
1664,2019,513
1665,2019,197
1666,2019,239
1667,2019,77
1668,2019,"242,600"
1669,2019,"20,600"
1670,2019,131
1671,2019,73
1672,2019,31
1673,2019,32
1674,2019,12
1675,2019,38
1676,2019,"21,494"
1677,2019,"20,718"
1678,2019,C
1679,2019,C
1680,2019,633
1681,2019,"18,630"
1682,2019,"1,034"
1683,2019,99
1684,2019,"2,252"
1685,2019,"1,533"
1686,2019,7
1687,2019,"13,378"
1688,2019,335
1689,2019,304
1690,2019,378
1691,2019,"2,939"
1692,2019,"72,852"
1693,2019,"4,514"
1694,2019,"58,788"
1695,2019,"3,269"
1696,2019,340
1697,2019,"9,550"
1698,2019,"72,852"
1699,2019,"38,347"
1700,2019,"6,177"
1701,2019,"28,328"
1702,2019,"1,111,400"
1703,2019,"152,000"
1704,2019,73
1705,2019,67
1706,2019,8
1707,2019,4
1708,2019,53
1709,2019,"18,682"
1710,2019,"18,000"
1711,2019,60
1712,2019,0
1713,2019,622
1714,2019,"16,238"
1715,2019,926
1716,2019,69
1717,2019,"1,821"
1718,2019,"1,039"
1719,2019,5
1720,2019,"12,071"
1721,2019,312
1722,2019,266
1723,2019,335
1724,2019,"2,513"
1725,2019,"59,314"
1726,2019,"3,821"
1727,2019,"46,596"
1728,2019,"2,328"
1729,2019,265
1730,2019,"8,896"
1731,2019,"59,314"
1732,2019,C
1733,2019,C
1734,2019,"24,180"
1735,2019,"1,617,400"
1736,2019,"217,600"
1737,2019,C
1738,2019,C
1739,2019,C
1740,2019,4
1741,2019,C
1742,2019,"2,813"
1743,2019,"2,719"
1744,2019,C
1745,2019,C
1746,2019,12
1747,2019,"2,392"
1748,2019,108
1749,2019,30
1750,2019,431
1751,2019,494
1752,2019,2
1753,2019,"1,307"
1754,2019,23
1755,2019,38
1756,2019,43
1757,2019,426
1758,2019,"13,538"
1759,2019,692
1760,2019,"12,192"
1761,2019,941
1762,2019,75
1763,2019,654
1764,2019,"13,538"
1765,2019,C
1766,2019,C
1767,2019,"4,148"
1768,2019,"361,100"
1769,2019,"54,700"
1770,2019,C
1771,2019,C
1772,2019,C
1773,2019,3
1774,2019,C
1775,2019,"67,413"
1776,2019,"66,972"
1777,2019,245
1778,2019,1
1779,2019,194
1780,2019,"62,466"
1781,2019,673
1782,2019,233
1783,2019,"1,238"
1784,2019,"13,477"
1785,2019,4
1786,2019,"46,544"
1787,2019,301
1788,2019,"7,904"
1789,2019,"8,140"
1790,2019,"5,183"
1791,2019,"43,590"
1792,2019,"26,421"
1793,2019,"11,419"
1794,2019,"3,257"
1795,2019,"1,241"
1796,2019,"5,750"
1797,2019,"43,590"
1798,2019,"12,534"
1799,2019,"19,098"
1800,2019,"11,958"
1801,2019,"381,900"
1802,2019,"29,400"
1803,2019,138
1804,2019,96
1805,2019,41
1806,2019,12
1807,2019,29
1808,2019,"26,964"
1809,2019,"26,796"
1810,2019,119
1811,2019,1
1812,2019,48
1813,2019,"25,531"
1814,2019,225
1815,2019,53
1816,2019,240
1817,2019,"3,408"
1818,2019,3
1819,2019,"21,514"
1820,2019,89
1821,2019,"3,670"
1822,2019,"3,750"
1823,2019,"1,514"
1824,2019,"14,574"
1825,2019,"10,117"
1826,2019,"2,925"
1827,2019,856
1828,2019,430
1829,2019,"1,532"
1830,2019,"14,574"
1831,2019,"3,165"
1832,2019,"7,536"
1833,2019,"3,873"
1834,2019,"636,700"
1835,2019,"35,700"
1836,2019,134
1837,2019,84
1838,2019,48
1839,2019,10
1840,2019,22
1841,2019,"17,420"
1842,2019,"17,323"
1843,2019,58
1844,2019,1
1845,2019,38
1846,2019,"16,441"
1847,2019,168
1848,2019,37
1849,2019,182
1850,2019,"2,387"
1851,2019,2
1852,2019,"13,625"
1853,2019,42
1854,2019,"3,293"
1855,2019,"3,433"
1856,2019,"1,119"
1857,2019,"9,947"
1858,2019,"7,271"
1859,2019,"1,951"
1860,2019,575
1861,2019,330
1862,2019,725
1863,2019,"9,947"
1864,2019,"1,993"
1865,2019,"5,080"
1866,2019,"2,875"
1867,2019,"580,200"
1868,2019,"37,300"
1869,2019,143
1870,2019,76
1871,2019,56
1872,2019,11
1873,2019,20
1874,2019,"9,544"
1875,2019,"9,473"
1876,2019,61
1877,2019,0
1878,2019,10
1879,2019,"9,090"
1880,2019,57
1881,2019,16
1882,2019,58
1883,2019,"1,021"
1884,2019,0
1885,2019,"7,889"
1886,2019,47
1887,2019,376
1888,2019,317
1889,2019,395
1890,2019,"4,627"
1891,2019,"2,846"
1892,2019,974
1893,2019,281
1894,2019,100
1895,2019,807
1896,2019,"4,627"
1897,2019,"1,173"
1898,2019,"2,456"
1899,2019,999
1900,2019,"774,400"
1901,2019,"32,000"
1902,2019,116
1903,2019,103
1904,2019,34
1905,2019,9
1906,2019,25
1907,2019,"12,850"
1908,2019,"12,813"
1909,2019,21
1910,2019,0
1911,2019,16
1912,2019,"12,212"
1913,2019,90
1914,2019,60
1915,2019,271
1916,2019,"3,043"
1917,2019,1
1918,2019,"8,709"
1919,2019,39
1920,2019,181
1921,2019,221
1922,2019,677
1923,2019,"6,847"
1924,2019,"3,296"
1925,2019,"1,872"
1926,2019,511
1927,2019,95
1928,2019,"1,679"
1929,2019,"6,847"
1930,2019,"2,152"
1931,2019,"2,948"
1932,2019,"1,747"
1933,2019,"362,800"
1934,2019,"19,100"
1935,2019,112
1936,2019,104
1937,2019,31
1938,2019,10
1939,2019,31
1940,2019,"12,850"
1941,2019,"12,813"
1942,2019,21
1943,2019,0
1944,2019,16
1945,2019,"12,212"
1946,2019,90
1947,2019,60
1948,2019,271
1949,2019,"3,043"
1950,2019,1
1951,2019,"8,709"
1952,2019,39
1953,2019,181
1954,2019,221
1955,2019,677
1956,2019,"6,847"
1957,2019,"3,296"
1958,2019,"1,872"
1959,2019,511
1960,2019,95
1961,2019,"1,679"
1962,2019,"6,847"
1963,2019,"2,152"
1964,2019,"2,948"
1965,2019,"1,747"
1966,2019,"362,800"
1967,2019,"19,100"
1968,2019,112
1969,2019,104
1970,2019,31
1971,2019,10
1972,2019,31
1973,2019,"27,599"
1974,2019,"27,364"
1975,2019,105
1976,2019,0
1977,2019,130
1978,2019,"24,723"
1979,2019,357
1980,2019,119
1981,2019,727
1982,2019,"7,027"
1983,2019,1
1984,2019,"16,320"
1985,2019,173
1986,2019,"4,054"
1987,2019,"4,170"
1988,2019,"2,992"
1989,2019,"22,168"
1990,2019,"13,008"
1991,2019,"6,621"
1992,2019,"1,890"
1993,2019,715
1994,2019,"2,539"
1995,2019,"22,168"
1996,2019,"7,216"
1997,2019,"8,615"
1998,2019,"6,338"
1999,2019,"279,500"
2000,2019,"30,300"
2001,2019,151
2002,2019,103
2003,2019,41
2004,2019,13
2005,2019,33
2006,2019,"27,599"
2007,2019,"27,364"
2008,2019,105
2009,2019,0
2010,2019,130
2011,2019,"24,723"
2012,2019,357
2013,2019,119
2014,2019,727
2015,2019,"7,027"
2016,2019,1
2017,2019,"16,320"
2018,2019,173
2019,2019,"4,054"
2020,2019,"4,170"
2021,2019,"2,992"
2022,2019,"22,168"
2023,2019,"13,008"
2024,2019,"6,621"
2025,2019,"1,890"
2026,2019,715
2027,2019,"2,539"
2028,2019,"22,168"
2029,2019,"7,216"
2030,2019,"8,615"
2031,2019,"6,338"
2032,2019,"279,500"
2033,2019,"30,300"
2034,2019,151
2035,2019,103
2036,2019,41
2037,2019,13
2038,2019,33
2039,2019,"110,495"
2040,2019,"98,211"
2041,2019,"11,373"
2042,2019,480
2043,2019,18
2044,2019,413
2045,2019,"106,833"
2046,2019,540
2047,2019,329
2048,2019,905
2049,2019,"8,228"
2050,2019,19
2051,2019,"80,763"
2052,2019,"15,583"
2053,2019,485
2054,2019,"13,035"
2055,2019,"14,217"
2056,2019,"4,844"
2057,2019,"54,736"
2058,2019,"37,844"
2059,2019,"6,665"
2060,2019,"1,599"
2061,2019,750
2062,2019,"10,227"
2063,2019,"54,736"
2064,2019,"20,406"
2065,2019,"26,797"
2066,2019,"7,533"
2067,2019,"952,800"
2068,2019,"41,800"
2069,2019,141
2070,2019,88
2071,2019,18
2072,2019,24
2073,2019,9
2074,2019,37
2075,2019,"25,015"
2076,2019,"22,337"
2077,2019,"2,534"
2078,2019,75
2079,2019,3
2080,2019,66
2081,2019,"24,034"
2082,2019,124
2083,2019,73
2084,2019,216
2085,2019,"1,554"
2086,2019,6
2087,2019,"17,896"
2088,2019,"4,044"
2089,2019,127
2090,2019,"2,466"
2091,2019,"2,714"
2092,2019,"1,228"
2093,2019,"11,921"
2094,2019,"7,688"
2095,2019,"2,093"
2096,2019,400
2097,2019,98
2098,2019,"2,139"
2099,2019,"11,921"
2100,2019,"4,932"
2101,2019,"4,867"
2102,2019,"2,121"
2103,2019,"1,137,800"
2104,2019,"55,900"
2105,2019,158
2106,2019,102
2107,2019,20
2108,2019,25
2109,2019,10
2110,2019,41
2111,2019,"21,695"
2112,2019,"17,945"
2113,2019,"3,437"
2114,2019,185
2115,2019,9
2116,2019,120
2117,2019,"20,835"
2118,2019,156
2119,2019,65
2120,2019,255
2121,2019,"2,605"
2122,2019,6
2123,2019,"14,028"
2124,2019,"3,636"
2125,2019,90
2126,2019,"3,289"
2127,2019,"3,609"
2128,2019,"1,180"
2129,2019,"13,167"
2130,2019,"9,022"
2131,2019,"1,350"
2132,2019,451
2133,2019,257
2134,2019,"2,795"
2135,2019,"13,167"
2136,2019,"4,919"
2137,2019,"6,536"
2138,2019,"1,712"
2139,2019,"652,200"
2140,2019,"35,500"
2141,2019,138
2142,2019,83
2143,2019,22
2144,2019,24
2145,2019,9
2146,2019,37
2147,2019,"10,643"
2148,2019,"10,088"
2149,2019,517
2150,2019,20
2151,2019,0
2152,2019,17
2153,2019,"10,526"
2154,2019,52
2155,2019,23
2156,2019,60
2157,2019,593
2158,2019,0
2159,2019,"8,803"
2160,2019,953
2161,2019,41
2162,2019,"2,563"
2163,2019,"2,721"
2164,2019,276
2165,2019,"5,425"
2166,2019,"4,433"
2167,2019,473
2168,2019,144
2169,2019,54
2170,2019,519
2171,2019,"5,425"
2172,2019,"1,671"
2173,2019,"3,087"
2174,2019,667
2175,2019,"1,239,500"
2176,2019,"32,100"
2177,2019,144
2178,2019,55
2179,2019,13
2180,2019,16
2181,2019,5
2182,2019,31
2183,2019,"35,548"
2184,2019,"32,710"
2185,2019,"2,581"
2186,2019,112
2187,2019,0
2188,2019,145
2189,2019,"34,868"
2190,2019,104
2191,2019,115
2192,2019,199
2193,2019,"1,554"
2194,2019,3
2195,2019,"29,082"
2196,2019,"3,750"
2197,2019,65
2198,2019,"2,239"
2199,2019,"2,397"
2200,2019,838
2201,2019,"11,922"
2202,2019,"8,045"
2203,2019,"1,702"
2204,2019,351
2205,2019,215
2206,2019,"2,176"
2207,2019,"11,922"
2208,2019,"3,620"
2209,2019,"6,962"
2210,2019,"1,340"
2211,2019,"1,499,800"
2212,2019,"35,300"
2213,2019,116
2214,2019,81
2215,2019,11
2216,2019,23
2217,2019,7
2218,2019,30
2219,2019,"16,553"
2220,2019,"15,033"
2221,2019,"1,391"
2222,2019,65
2223,2019,6
2224,2019,58
2225,2019,"15,745"
2226,2019,88
2227,2019,46
2228,2019,132
2229,2019,"1,658"
2230,2019,4
2231,2019,"10,877"
2232,2019,"2,826"
2233,2019,118
2234,2019,"2,407"
2235,2019,"2,689"
2236,2019,"1,090"
2237,2019,"10,432"
2238,2019,"7,890"
2239,2019,C
2240,2019,227
2241,2019,108
2242,2019,C
2243,2019,"10,432"
2244,2019,"4,305"
2245,2019,"4,567"
2246,2019,"1,560"
2247,2019,"675,600"
2248,2019,"44,500"
2249,2019,173
2250,2019,114
2251,2019,28
2252,2019,25
2253,2019,10
2254,2019,41
2255,2019,"1,041"
2256,2019,99
2257,2019,912
2258,2019,23
2259,2019,0
2260,2019,6
2261,2019,824
2262,2019,15
2263,2019,6
2264,2019,43
2265,2019,265
2266,2019,0
2267,2019,76
2268,2019,375
2269,2019,44
2270,2019,71
2271,2019,87
2272,2019,233
2273,2019,"1,869"
2274,2019,765
2275,2019,C
2276,2019,26
2277,2019,17
2278,2019,C
2279,2019,"1,869"
2280,2019,958
2281,2019,778
2282,2019,133
2283,2019,"264,700"
2284,2019,"59,100"
2285,2019,98
2286,2019,87
2287,2019,23
2288,2019,24
2289,2019,12
2290,2019,51
2291,2019,"93,884"
2292,2019,"77,779"
2293,2019,"15,416"
2294,2019,414
2295,2019,4
2296,2019,270
2297,2019,"89,688"
2298,2019,603
2299,2019,325
2300,2019,"1,339"
2301,2019,"13,747"
2302,2019,12
2303,2019,"56,770"
2304,2019,"16,590"
2305,2019,314
2306,2019,"8,377"
2307,2019,"8,753"
2308,2019,"4,572"
2309,2019,"49,083"
2310,2019,"21,913"
2311,2019,"17,298"
2312,2019,"3,583"
2313,2019,"1,474"
2314,2019,"9,871"
2315,2019,"49,083"
2316,2019,"16,872"
2317,2019,"21,215"
2318,2019,"10,995"
2319,2019,"245,200"
2320,2019,"11,900"
2321,2019,103
2322,2019,62
2323,2019,27
2324,2019,27
2325,2019,9
2326,2019,34
2327,2019,"19,439"
2328,2019,"18,577"
2329,2019,822
2330,2019,21
2331,2019,0
2332,2019,19
2333,2019,"19,023"
2334,2019,98
2335,2019,42
2336,2019,112
2337,2019,"1,470"
2338,2019,0
2339,2019,"16,032"
2340,2019,"1,238"
2341,2019,29
2342,2019,"2,197"
2343,2019,"2,281"
2344,2019,500
2345,2019,"5,504"
2346,2019,"3,940"
2347,2019,"1,103"
2348,2019,282
2349,2019,153
2350,2019,461
2351,2019,"5,504"
2352,2019,"1,864"
2353,2019,"2,834"
2354,2019,806
2355,2019,"660,500"
2356,2019,"17,000"
2357,2019,139
2358,2019,59
2359,2019,14
2360,2019,27
2361,2019,9
2362,2019,34
2363,2019,"24,416"
2364,2019,"23,662"
2365,2019,678
2366,2019,50
2367,2019,0
2368,2019,26
2369,2019,"23,508"
2370,2019,74
2371,2019,42
2372,2019,276
2373,2019,"2,412"
2374,2019,C
2375,2019,"18,753"
2376,2019,"1,935"
2377,2019,16
2378,2019,"1,107"
2379,2019,"1,142"
2380,2019,943
2381,2019,"8,437"
2382,2019,"3,837"
2383,2019,"2,345"
2384,2019,473
2385,2019,144
2386,2019,"2,255"
2387,2019,"8,437"
2388,2019,"2,928"
2389,2019,"4,145"
2390,2019,"1,365"
2391,2019,"350,500"
2392,2019,"13,500"
2393,2019,93
2394,2019,65
2395,2019,21
2396,2019,32
2397,2019,11
2398,2019,35
2399,2019,"33,738"
2400,2019,"31,864"
2401,2019,"1,558"
2402,2019,249
2403,2019,1
2404,2019,65
2405,2019,"32,126"
2406,2019,176
2407,2019,107
2408,2019,438
2409,2019,"5,090"
2410,2019,10
2411,2019,"20,390"
2412,2019,"5,757"
2413,2019,167
2414,2019,"4,776"
2415,2019,"5,034"
2416,2019,"1,870"
2417,2019,"16,928"
2418,2019,"10,126"
2419,2019,"3,078"
2420,2019,884
2421,2019,254
2422,2019,"3,724"
2423,2019,"16,928"
2424,2019,"5,601"
2425,2019,"7,887"
2426,2019,"3,441"
2427,2019,"286,000"
2428,2019,"15,900"
2429,2019,128
2430,2019,65
2431,2019,36
2432,2019,33
2433,2019,11
2434,2019,33
2435,2019,"14,140"
2436,2019,"13,667"
2437,2019,420
2438,2019,31
2439,2019,0
2440,2019,22
2441,2019,"13,512"
2442,2019,56
2443,2019,45
2444,2019,141
2445,2019,"1,993"
2446,2019,6
2447,2019,"9,525"
2448,2019,"1,691"
2449,2019,60
2450,2019,"1,817"
2451,2019,"1,888"
2452,2019,699
2453,2019,"6,115"
2454,2019,"3,955"
2455,2019,"1,058"
2456,2019,320
2457,2019,63
2458,2019,"1,102"
2459,2019,"6,115"
2460,2019,"1,818"
2461,2019,"3,115"
2462,2019,"1,182"
2463,2019,"368,200"
2464,2019,"18,200"
2465,2019,127
2466,2019,66
2467,2019,30
2468,2019,38
2469,2019,11
2470,2019,30
2471,2019,"6,682"
2472,2019,"6,228"
2473,2019,248
2474,2019,C
2475,2019,0
2476,2019,C
2477,2019,"6,138"
2478,2019,56
2479,2019,17
2480,2019,106
2481,2019,"1,055"
2482,2019,C
2483,2019,"3,360"
2484,2019,"1,491"
2485,2019,53
2486,2019,"1,307"
2487,2019,"1,380"
2488,2019,617
2489,2019,"4,483"
2490,2019,"2,716"
2491,2019,705
2492,2019,206
2493,2019,76
2494,2019,"1,062"
2495,2019,"4,483"
2496,2019,"1,480"
2497,2019,"2,097"
2498,2019,906
2499,2019,"213,800"
2500,2019,"19,700"
2501,2019,130
2502,2019,64
2503,2019,46
2504,2019,42
2505,2019,14
2506,2019,33
2507,2019,"5,217"
2508,2019,"5,159"
2509,2019,45
2510,2019,C
2511,2019,0
2512,2019,C
2513,2019,"5,052"
2514,2019,C
2515,2019,26
2516,2019,83
2517,2019,839
2518,2019,C
2519,2019,"3,303"
2520,2019,764
2521,2019,C
2522,2019,759
2523,2019,829
2524,2019,234
2525,2019,"2,328"
2526,2019,"1,248"
2527,2019,C
2528,2019,142
2529,2019,21
2530,2019,C
2531,2019,"2,328"
2532,2019,"1,213"
2533,2019,760
2534,2019,355
2535,2019,"256,700"
2536,2019,"11,500"
2537,2019,164
2538,2019,55
2539,2019,36
2540,2019,19
2541,2019,10
2542,2019,52
2543,2019,"5,877"
2544,2019,"5,197"
2545,2019,654
2546,2019,12
2547,2019,1
2548,2019,13
2549,2019,"5,628"
2550,2019,C
2551,2019,16
2552,2019,80
2553,2019,964
2554,2019,0
2555,2019,"3,117"
2556,2019,"1,394"
2557,2019,C
2558,2019,718
2559,2019,722
2560,2019,252
2561,2019,"2,982"
2562,2019,"1,630"
2563,2019,597
2564,2019,145
2565,2019,51
2566,2019,756
2567,2019,"2,982"
2568,2019,747
2569,2019,"1,512"
2570,2019,723
2571,2019,"243,900"
2572,2019,"10,500"
2573,2019,108
2574,2019,60
2575,2019,40
2576,2019,34
2577,2019,8
2578,2019,25
2579,2019,"1,823"
2580,2019,"1,613"
2581,2019,191
2582,2019,9
2583,2019,0
2584,2019,9
2585,2019,"1,795"
2586,2019,16
2587,2019,3
2588,2019,28
2589,2019,239
2590,2019,1
2591,2019,"1,084"
2592,2019,417
2593,2019,10
2594,2019,175
2595,2019,214
2596,2019,68
2597,2019,"1,020"
2598,2019,578
2599,2019,C
2600,2019,72
2601,2019,44
2602,2019,C
2603,2019,"1,020"
2604,2019,341
2605,2019,403
2606,2019,276
2607,2019,"470,700"
2608,2019,"17,600"
2609,2019,143
2610,2019,90
2611,2019,33
2612,2019,20
2613,2019,7
2614,2019,33
2615,2019,"16,291"
2616,2019,"3,676"
2617,2019,"12,359"
2618,2019,94
2619,2019,3
2620,2019,160
2621,2019,"15,031"
2622,2019,255
2623,2019,133
2624,2019,512
2625,2019,"4,774"
2626,2019,C
2627,2019,"1,595"
2628,2019,"7,659"
2629,2019,102
2630,2019,298
2631,2019,297
2632,2019,"1,259"
2633,2019,"18,213"
2634,2019,"4,010"
2635,2019,"10,771"
2636,2019,"1,944"
2637,2019,923
2638,2019,"3,431"
2639,2019,"18,213"
2640,2019,"6,480"
2641,2019,"6,350"
2642,2019,"5,383"
2643,2019,"98,200"
2644,2019,"7,600"
2645,2019,63
2646,2019,58
2647,2019,57
2648,2019,19
2649,2019,7
2650,2019,36
2651,2019,"4,281"
2652,2019,571
2653,2019,"3,570"
2654,2019,56
2655,2019,2
2656,2019,82
2657,2019,"3,643"
2658,2019,139
2659,2019,87
2660,2019,176
2661,2019,"1,081"
2662,2019,0
2663,2019,206
2664,2019,"1,897"
2665,2019,56
2666,2019,61
2667,2019,60
2668,2019,637
2669,2019,"11,071"
2670,2019,"2,201"
2671,2019,"7,384"
2672,2019,"1,084"
2673,2019,491
2674,2019,"1,486"
2675,2019,"11,071"
2676,2019,"4,192"
2677,2019,"3,214"
2678,2019,"3,665"
2679,2019,"130,100"
2680,2019,"19,400"
2681,2019,68
2682,2019,67
2683,2019,64
2684,2019,15
2685,2019,6
2686,2019,38
2687,2019,"12,010"
2688,2019,"3,105"
2689,2019,"8,788"
2690,2019,37
2691,2019,1
2692,2019,78
2693,2019,"11,388"
2694,2019,116
2695,2019,46
2696,2019,336
2697,2019,"3,693"
2698,2019,C
2699,2019,"1,389"
2700,2019,"5,762"
2701,2019,46
2702,2019,237
2703,2019,237
2704,2019,622
2705,2019,"7,142"
2706,2019,"1,809"
2707,2019,"3,388"
2708,2019,859
2709,2019,432
2710,2019,"1,945"
2711,2019,"7,142"
2712,2019,"2,288"
2713,2019,"3,136"
2714,2019,"1,718"
2715,2019,"90,300"
2716,2019,"4,700"
2717,2019,58
2718,2019,50
2719,2019,55
2720,2019,27
2721,2019,9
2722,2019,32
2723,2019,"28,331"
2724,2019,"26,879"
2725,2019,287
2726,2019,435
2727,2019,729
2728,2019,"25,729"
2729,2019,542
2730,2019,721
2731,2019,"1,743"
2732,2019,"6,818"
2733,2019,22
2734,2019,"15,277"
2735,2019,628
2736,2019,273
2737,2019,290
2738,2019,"2,618"
2739,2019,"48,557"
2740,2019,"10,076"
2741,2019,"31,861"
2742,2019,"4,164"
2743,2019,975
2744,2019,"6,620"
2745,2019,"48,557"
2746,2019,"26,678"
2747,2019,"10,410"
2748,2019,"11,469"
2749,2019,"291,200"
2750,2019,"26,900"
2751,2019,97
2752,2019,94
2753,2019,10
2754,2019,5
2755,2019,55
2756,2019,"9,798"
2757,2019,"9,472"
2758,2019,63
2759,2019,C
2760,2019,C
2761,2019,"9,182"
2762,2019,146
2763,2019,562
2764,2019,617
2765,2019,"2,430"
2766,2019,C
2767,2019,"5,386"
2768,2019,42
2769,2019,39
2770,2019,37
2771,2019,615
2772,2019,"7,916"
2773,2019,"2,097"
2774,2019,"4,722"
2775,2019,"1,035"
2776,2019,469
2777,2019,"1,098"
2778,2019,"7,916"
2779,2019,"3,224"
2780,2019,"2,088"
2781,2019,"2,604"
2782,2019,"237,500"
2783,2019,"14,900"
2784,2019,100
2785,2019,99
2786,2019,19
2787,2019,8
2788,2019,41
2789,2019,"9,798"
2790,2019,"9,472"
2791,2019,63
2792,2019,C
2793,2019,C
2794,2019,"9,182"
2795,2019,146
2796,2019,562
2797,2019,617
2798,2019,"2,430"
2799,2019,C
2800,2019,"5,386"
2801,2019,42
2802,2019,39
2803,2019,37
2804,2019,615
2805,2019,"7,916"
2806,2019,"2,097"
2807,2019,"4,722"
2808,2019,"1,035"
2809,2019,469
2810,2019,"1,098"
2811,2019,"7,916"
2812,2019,"3,224"
2813,2019,"2,088"
2814,2019,"2,604"
2815,2019,"237,500"
2816,2019,"14,900"
2817,2019,100
2818,2019,99
2819,2019,19
2820,2019,8
2821,2019,41
2822,2019,"9,095"
2823,2019,"8,683"
2824,2019,78
2825,2019,C
2826,2019,C
2827,2019,"8,664"
2828,2019,79
2829,2019,36
2830,2019,507
2831,2019,"2,026"
2832,2019,C
2833,2019,"5,965"
2834,2019,51
2835,2019,44
2836,2019,53
2837,2019,440
2838,2019,"9,180"
2839,2019,"3,637"
2840,2019,"3,831"
2841,2019,838
2842,2019,150
2843,2019,"1,712"
2844,2019,"9,180"
2845,2019,"3,476"
2846,2019,"3,761"
2847,2019,"1,942"
2848,2019,"424,000"
2849,2019,"20,500"
2850,2019,97
2851,2019,95
2852,2019,13
2853,2019,5
2854,2019,38
2855,2019,"9,438"
2856,2019,"8,725"
2857,2019,147
2858,2019,0
2859,2019,566
2860,2019,"7,883"
2861,2019,318
2862,2019,123
2863,2019,619
2864,2019,"2,363"
2865,2019,12
2866,2019,"3,926"
2867,2019,535
2868,2019,190
2869,2019,199
2870,2019,"1,564"
2871,2019,"31,462"
2872,2019,"4,343"
2873,2019,"23,308"
2874,2019,"2,291"
2875,2019,356
2876,2019,"3,810"
2877,2019,"31,462"
2878,2019,"19,978"
2879,2019,"4,562"
2880,2019,"6,922"
2881,2019,"272,800"
2882,2019,"45,200"
2883,2019,95
2884,2019,91
2885,2019,8
2886,2019,5
2887,2019,63
2888,2019,"2,431"
2889,2019,"2,405"
2890,2019,C
2891,2019,0
2892,2019,C
2893,2019,"2,316"
2894,2019,36
2895,2019,C
2896,2019,74
2897,2019,603
2898,2019,C
2899,2019,"1,481"
2900,2019,C
2901,2019,18
2902,2019,20
2903,2019,118
2904,2019,"2,433"
2905,2019,632
2906,2019,C
2907,2019,88
2908,2019,45
2909,2019,C
2910,2019,"2,433"
2911,2019,"1,523"
2912,2019,508
2913,2019,402
2914,2019,"219,500"
2915,2019,"10,600"
2916,2019,124
2917,2019,120
2918,2019,8
2919,2019,5
2920,2019,63
2921,2019,"5,767"
2922,2019,"5,158"
2923,2019,65
2924,2019,0
2925,2019,544
2926,2019,"4,501"
2927,2019,241
2928,2019,C
2929,2019,469
2930,2019,"1,458"
2931,2019,C
2932,2019,"1,840"
2933,2019,C
2934,2019,166
2935,2019,166
2936,2019,"1,267"
2937,2019,"26,556"
2938,2019,"3,237"
2939,2019,"21,433"
2940,2019,"1,822"
2941,2019,268
2942,2019,"1,886"
2943,2019,"26,556"
2944,2019,"17,440"
2945,2019,"3,358"
2946,2019,"5,758"
2947,2019,"312,500"
2948,2019,"68,600"
2949,2019,96
2950,2019,91
2951,2019,7
2952,2019,5
2953,2019,66
2954,2019,"1,240"
2955,2019,"1,161"
2956,2019,C
2957,2019,0
2958,2019,C
2959,2019,"1,066"
2960,2019,41
2961,2019,28
2962,2019,75
2963,2019,302
2964,2019,0
2965,2019,606
2966,2019,13
2967,2019,7
2968,2019,12
2969,2019,179
2970,2019,"2,473"
2971,2019,475
2972,2019,C
2973,2019,380
2974,2019,44
2975,2019,C
2976,2019,"2,473"
2977,2019,"1,015"
2978,2019,696
2979,2019,762
2980,2019,"245,100"
2981,2019,"35,400"
2982,2019,68
2983,2019,66
2984,2019,18
2985,2019,7
2986,2019,41
2987,2019,"14,038"
2988,2019,"13,644"
2989,2019,C
2990,2019,C
2991,2019,C
2992,2019,"13,901"
2993,2019,558
2994,2019,41
2995,2019,"1,713"
2996,2019,"2,371"
2997,2019,13
2998,2019,"8,241"
2999,2019,977
3000,2019,317
3001,2019,453
3002,2019,274
3003,2019,"23,253"
3004,2019,"7,996"
3005,2019,"9,126"
3006,2019,"1,678"
3007,2019,68
3008,2019,"6,132"
3009,2019,"23,253"
3010,2019,"8,574"
3011,2019,"8,045"
3012,2019,"6,635"
3013,2019,"439,300"
3014,2019,"8,600"
3015,2019,99
3016,2019,94
3017,2019,3
3018,2019,1
3019,2019,37
3020,2019,"5,108"
3021,2019,C
3022,2019,C
3023,2019,C
3024,2019,C
3025,2019,"5,611"
3026,2019,35
3027,2019,13
3028,2019,349
3029,2019,"1,091"
3030,2019,6
3031,2019,"3,228"
3032,2019,895
3033,2019,202
3034,2019,234
3035,2019,-472
3036,2019,"5,448"
3037,2019,"2,694"
3038,2019,965
3039,2019,233
3040,2019,42
3041,2019,"1,789"
3042,2019,"5,448"
3043,2019,"2,310"
3044,2019,"2,375"
3045,2019,763
3046,2019,"326,000"
3047,2019,"-30,100"
3048,2019,113
3049,2019,104
3050,2019,-20
3051,2019,-9
3052,2019,42
3053,2019,"8,930"
3054,2019,C
3055,2019,C
3056,2019,C
3057,2019,C
3058,2019,"8,289"
3059,2019,523
3060,2019,28
3061,2019,"1,364"
3062,2019,"1,279"
3063,2019,7
3064,2019,"5,013"
3065,2019,82
3066,2019,114
3067,2019,220
3068,2019,746
3069,2019,"17,805"
3070,2019,"5,302"
3071,2019,"8,161"
3072,2019,"1,445"
3073,2019,26
3074,2019,"4,342"
3075,2019,"17,805"
3076,2019,"6,263"
3077,2019,"5,670"
3078,2019,"5,872"
3079,2019,"548,300"
3080,2019,"45,800"
3081,2019,94
3082,2019,90
3083,2019,12
3084,2019,4
3085,2019,35
3086,2019,"84,623"
3087,2019,"22,836"
3088,2019,"51,860"
3089,2019,14
3090,2019,"9,913"
3091,2019,"50,335"
3092,2019,"21,211"
3093,2019,116
3094,2019,997
3095,2019,"6,412"
3096,2019,43
3097,2019,564
3098,2019,"17,196"
3099,2019,"3,838"
3100,2019,303
3101,2019,270
3102,2019,"34,254"
3103,2019,"1,226,672"
3104,2019,"341,106"
3105,2019,"27,299"
3106,2019,"6,375"
3107,2019,"3,357"
3108,2019,"858,268"
3109,2019,"1,226,672"
3110,2019,"292,562"
3111,2019,"550,207"
3112,2019,"383,903"
3113,2019,"1,325,400"
3114,2019,"536,500"
3115,2019,62
3116,2019,62
3117,2019,12
3118,2019,3
3119,2019,24
3120,2019,"65,689"
3121,2019,"5,500"
3122,2019,"51,057"
3123,2019,6
3124,2019,"9,126"
3125,2019,"34,503"
3126,2019,"21,069"
3127,2019,C
3128,2019,745
3129,2019,"3,392"
3130,2019,28
3131,2019,C
3132,2019,"5,466"
3133,2019,"3,615"
3134,2019,261
3135,2019,225
3136,2019,"31,150"
3137,2019,"1,183,478"
3138,2019,"320,273"
3139,2019,"26,272"
3140,2019,"6,006"
3141,2019,"3,137"
3142,2019,"836,933"
3143,2019,"1,183,478"
3144,2019,"279,439"
3145,2019,"532,563"
3146,2019,"371,477"
3147,2019,"1,726,500"
3148,2019,"818,700"
3149,2019,60
3150,2019,60
3151,2019,11
3152,2019,3
3153,2019,24
3154,2019,"35,129"
3155,2019,"3,076"
3156,2019,"30,211"
3157,2019,0
3158,2019,"1,841"
3159,2019,"25,959"
3160,2019,"16,942"
3161,2019,C
3162,2019,621
3163,2019,"2,994"
3164,2019,27
3165,2019,C
3166,2019,"3,215"
3167,2019,"2,036"
3168,2019,24
3169,2019,5
3170,2019,"9,152"
3171,2019,"805,383"
3172,2019,"233,358"
3173,2019,"1,207"
3174,2019,349
3175,2019,50
3176,2019,"570,817"
3177,2019,"805,383"
3178,2019,"54,986"
3179,2019,"463,109"
3180,2019,"287,287"
3181,2019,"1,113,600"
3182,2019,"290,100"
3183,2019,50
3184,2019,50
3185,2019,17
3186,2019,1
3187,2019,7
3188,2019,"30,561"
3189,2019,"2,424"
3190,2019,"20,845"
3191,2019,6
3192,2019,"7,285"
3193,2019,"8,544"
3194,2019,"4,127"
3195,2019,60
3196,2019,125
3197,2019,397
3198,2019,1
3199,2019,4
3200,2019,"2,252"
3201,2019,"1,580"
3202,2019,238
3203,2019,220
3204,2019,"21,999"
3205,2019,"378,096"
3206,2019,"86,914"
3207,2019,"25,065"
3208,2019,"5,657"
3209,2019,"3,087"
3210,2019,"266,116"
3211,2019,"378,096"
3212,2019,"224,452"
3213,2019,"69,453"
3214,2019,"84,190"
3215,2019,"4,699,100"
3216,2019,"3,382,600"
3217,2019,125
3218,2019,125
3219,2019,10
3220,2019,6
3221,2019,59
3222,2019,"12,184"
3223,2019,"11,136"
3224,2019,481
3225,2019,0
3226,2019,567
3227,2019,"10,480"
3228,2019,8
3229,2019,10
3230,2019,94
3231,2019,845
3232,2019,11
3233,2019,414
3234,2019,"8,939"
3235,2019,170
3236,2019,0
3237,2019,0
3238,2019,"1,704"
3239,2019,"29,947"
3240,2019,"29,947"
3241,2019,"8,126"
3242,2019,"1,434,200"
3243,2019,"200,600"
3244,2019,21
3245,2019,6
3246,2019,27
3247,2019,"5,298"
3248,2019,"4,542"
3249,2019,284
3250,2019,0
3251,2019,472
3252,2019,"4,616"
3253,2019,C
3254,2019,C
3255,2019,13
3256,2019,116
3257,2019,3
3258,2019,294
3259,2019,"4,037"
3260,2019,150
3261,2019,0
3262,2019,0
3263,2019,682
3264,2019,"16,067"
3265,2019,"16,067"
3266,2019,"4,013"
3267,2019,"4,875,900"
3268,2019,"627,800"
3269,2019,17
3270,2019,4
3271,2019,25
3272,2019,"6,886"
3273,2019,"6,593"
3274,2019,198
3275,2019,0
3276,2019,95
3277,2019,"5,864"
3278,2019,C
3279,2019,C
3280,2019,81
3281,2019,729
3282,2019,9
3283,2019,120
3284,2019,"4,901"
3285,2019,20
3286,2019,0
3287,2019,0
3288,2019,"1,022"
3289,2019,"13,880"
3290,2019,"13,880"
3291,2019,"4,113"
3292,2019,"929,400"
3293,2019,"137,900"
3294,2019,25
3295,2019,7
3296,2019,30
3297,2019,"6,750"
3298,2019,"6,200"
3299,2019,322
3300,2019,8
3301,2019,219
3302,2019,"5,352"
3303,2019,134
3304,2019,C
3305,2019,158
3306,2019,"2,176"
3307,2019,4
3308,2019,C
3309,2019,"2,791"
3310,2019,53
3311,2019,42
3312,2019,44
3313,2019,"1,400"
3314,2019,"13,247"
3315,2019,"13,247"
3316,2019,"4,998"
3317,2019,"390,100"
3318,2019,"80,900"
3319,2019,28
3320,2019,11
3321,2019,38
3322,2019,"6,750"
3323,2019,"6,200"
3324,2019,322
3325,2019,8
3326,2019,219
3327,2019,"5,352"
3328,2019,134
3329,2019,C
3330,2019,158
3331,2019,"2,176"
3332,2019,4
3333,2019,C
3334,2019,"2,791"
3335,2019,53
3336,2019,42
3337,2019,44
3338,2019,"1,400"
3339,2019,"13,247"
3340,2019,"13,247"
3341,2019,"4,998"
3342,2019,"390,100"
3343,2019,"80,900"
3344,2019,28
3345,2019,11
3346,2019,38
3347,2019,"35,216"
3348,2019,"29,215"
3349,2019,"1,665"
3350,2019,3
3351,2019,"4,333"
3352,2019,"22,580"
3353,2019,"4,046"
3354,2019,756
3355,2019,"2,507"
3356,2019,"2,645"
3357,2019,2
3358,2019,"1,203"
3359,2019,"10,752"
3360,2019,672
3361,2019,"2,860"
3362,2019,"3,053"
3363,2019,"12,829"
3364,2019,"275,811"
3365,2019,"35,631"
3366,2019,"197,916"
3367,2019,"31,543"
3368,2019,"16,513"
3369,2019,"42,263"
3370,2019,"275,811"
3371,2019,"125,902"
3372,2019,"54,658"
3373,2019,"95,250"
3374,2019,"1,080,400"
3375,2019,"393,600"
3376,2019,65
3377,2019,60
3378,2019,10
3379,2019,5
3380,2019,46
3381,2019,"6,894"
3382,2019,"6,483"
3383,2019,243
3384,2019,3
3385,2019,165
3386,2019,"5,810"
3387,2019,373
3388,2019,66
3389,2019,"1,344"
3390,2019,939
3391,2019,1
3392,2019,1
3393,2019,"2,954"
3394,2019,135
3395,2019,241
3396,2019,290
3397,2019,"1,133"
3398,2019,"25,055"
3399,2019,"4,974"
3400,2019,"13,904"
3401,2019,"4,341"
3402,2019,"1,439"
3403,2019,"6,177"
3404,2019,"25,055"
3405,2019,"9,294"
3406,2019,"6,771"
3407,2019,"8,990"
3408,2019,"458,900"
3409,2019,"75,400"
3410,2019,73
3411,2019,69
3412,2019,12
3413,2019,5
3414,2019,37
3415,2019,"5,629"
3416,2019,"5,321"
3417,2019,186
3418,2019,0
3419,2019,122
3420,2019,"4,943"
3421,2019,336
3422,2019,63
3423,2019,"1,311"
3424,2019,784
3425,2019,0
3426,2019,0
3427,2019,"2,339"
3428,2019,110
3429,2019,218
3430,2019,248
3431,2019,716
3432,2019,"18,923"
3433,2019,"3,060"
3434,2019,"12,971"
3435,2019,"4,033"
3436,2019,"1,249"
3437,2019,"2,892"
3438,2019,"18,923"
3439,2019,"5,814"
3440,2019,"5,285"
3441,2019,"7,823"
3442,2019,"422,200"
3443,2019,"53,700"
3444,2019,58
3445,2019,53
3446,2019,12
3447,2019,4
3448,2019,31
3449,2019,"1,265"
3450,2019,"1,162"
3451,2019,57
3452,2019,3
3453,2019,43
3454,2019,866
3455,2019,37
3456,2019,3
3457,2019,32
3458,2019,155
3459,2019,1
3460,2019,1
3461,2019,615
3462,2019,25
3463,2019,23
3464,2019,42
3465,2019,417
3466,2019,"6,131"
3467,2019,"1,914"
3468,2019,933
3469,2019,308
3470,2019,190
3471,2019,"3,284"
3472,2019,"6,131"
3473,2019,"3,480"
3474,2019,"1,485"
3475,2019,"1,166"
3476,2019,"748,200"
3477,2019,"246,800"
3478,2019,129
3479,2019,126
3480,2019,12
3481,2019,7
3482,2019,57
3483,2019,"28,321"
3484,2019,"22,732"
3485,2019,"1,422"
3486,2019,0
3487,2019,"4,168"
3488,2019,"16,770"
3489,2019,"3,673"
3490,2019,690
3491,2019,"1,163"
3492,2019,"1,706"
3493,2019,1
3494,2019,"1,202"
3495,2019,"7,798"
3496,2019,538
3497,2019,"2,619"
3498,2019,"2,764"
3499,2019,"11,696"
3500,2019,"250,756"
3501,2019,"30,657"
3502,2019,"184,013"
3503,2019,"27,202"
3504,2019,"15,073"
3505,2019,"36,086"
3506,2019,"250,756"
3507,2019,"116,608"
3508,2019,"47,888"
3509,2019,"86,261"
3510,2019,"1,611,800"
3511,2019,"665,600"
3512,2019,64
3513,2019,58
3514,2019,10
3515,2019,5
3516,2019,47
3517,2019,"23,460"
3518,2019,"18,010"
3519,2019,"1,355"
3520,2019,0
3521,2019,"4,095"
3522,2019,"12,901"
3523,2019,"3,608"
3524,2019,666
3525,2019,"1,062"
3526,2019,759
3527,2019,0
3528,2019,0
3529,2019,"6,322"
3530,2019,485
3531,2019,"2,577"
3532,2019,"2,715"
3533,2019,"10,697"
3534,2019,"246,285"
3535,2019,"29,203"
3536,2019,"182,104"
3537,2019,S
3538,2019,S
3539,2019,"34,978"
3540,2019,"246,285"
3541,2019,"114,497"
3542,2019,"46,595"
3543,2019,"85,193"
3544,2019,"3,855,500"
3545,2019,"1,758,000"
3546,2019,63
3547,2019,57
3548,2019,9
3549,2019,4
3550,2019,46
3551,2019,"4,861"
3552,2019,"4,721"
3553,2019,67
3554,2019,0
3555,2019,73
3556,2019,"3,869"
3557,2019,65
3558,2019,24
3559,2019,101
3560,2019,947
3561,2019,1
3562,2019,"1,202"
3563,2019,"1,477"
3564,2019,53
3565,2019,42
3566,2019,49
3567,2019,999
3568,2019,"4,471"
3569,2019,"1,454"
3570,2019,"1,909"
3571,2019,448
3572,2019,283
3573,2019,"1,108"
3574,2019,"4,471"
3575,2019,"2,111"
3576,2019,"1,292"
3577,2019,"1,067"
3578,2019,"423,200"
3579,2019,"86,900"
3580,2019,112
3581,2019,109
3582,2019,47
3583,2019,22
3584,2019,47
3585,2019,"56,444"
3586,2019,"52,476"
3587,2019,"2,884"
3588,2019,406
3589,2019,679
3590,2019,"48,970"
3591,2019,"1,094"
3592,2019,147
3593,2019,"1,243"
3594,2019,"20,131"
3595,2019,33
3596,2019,"25,355"
3597,2019,"1,000"
3598,2019,929
3599,2019,970
3600,2019,"7,516"
3601,2019,"75,324"
3602,2019,"29,952"
3603,2019,"9,942"
3604,2019,"2,741"
3605,2019,"1,053"
3606,2019,"35,430"
3607,2019,"75,324"
3608,2019,"29,655"
3609,2019,"27,835"
3610,2019,"17,834"
3611,2019,"200,900"
3612,2019,"26,800"
3613,2019,108
3614,2019,104
3615,2019,25
3616,2019,10
3617,2019,39
3618,2019,"43,501"
3619,2019,"39,887"
3620,2019,"2,655"
3621,2019,359
3622,2019,599
3623,2019,"37,110"
3624,2019,978
3625,2019,114
3626,2019,933
3627,2019,"15,718"
3628,2019,30
3629,2019,"18,520"
3630,2019,847
3631,2019,732
3632,2019,760
3633,2019,"6,419"
3634,2019,"64,422"
3635,2019,"25,217"
3636,2019,"6,810"
3637,2019,"1,942"
3638,2019,824
3639,2019,"32,394"
3640,2019,"64,422"
3641,2019,"24,817"
3642,2019,"23,804"
3643,2019,"15,800"
3644,2019,"272,100"
3645,2019,"40,200"
3646,2019,106
3647,2019,103
3648,2019,26
3649,2019,10
3650,2019,39
3651,2019,"10,459"
3652,2019,"10,235"
3653,2019,96
3654,2019,76
3655,2019,52
3656,2019,"9,239"
3657,2019,69
3658,2019,28
3659,2019,226
3660,2019,"4,124"
3661,2019,4
3662,2019,"4,680"
3663,2019,112
3664,2019,229
3665,2019,262
3666,2019,"1,254"
3667,2019,"6,267"
3668,2019,"3,803"
3669,2019,"1,189"
3670,2019,347
3671,2019,143
3672,2019,"1,275"
3673,2019,"6,267"
3674,2019,"2,752"
3675,2019,"2,522"
3676,2019,993
3677,2019,"238,400"
3678,2019,"28,600"
3679,2019,151
3680,2019,140
3681,2019,46
3682,2019,20
3683,2019,44
3684,2019,"6,929"
3685,2019,"6,874"
3686,2019,20
3687,2019,5
3688,2019,30
3689,2019,"5,014"
3690,2019,83
3691,2019,15
3692,2019,105
3693,2019,"2,743"
3694,2019,1
3695,2019,"2,009"
3696,2019,60
3697,2019,116
3698,2019,133
3699,2019,"1,931"
3700,2019,"3,669"
3701,2019,"2,056"
3702,2019,723
3703,2019,204
3704,2019,70
3705,2019,889
3706,2019,"3,669"
3707,2019,"1,363"
3708,2019,"1,506"
3709,2019,800
3710,2019,"202,000"
3711,2019,"56,300"
3712,2019,137
3713,2019,128
3714,2019,142
3715,2019,53
3716,2019,37
3717,2019,"14,139"
3718,2019,"11,227"
3719,2019,"2,456"
3720,2019,197
3721,2019,259
3722,2019,"12,060"
3723,2019,776
3724,2019,44
3725,2019,338
3726,2019,"4,251"
3727,2019,15
3728,2019,"6,143"
3729,2019,509
3730,2019,229
3731,2019,209
3732,2019,"2,060"
3733,2019,"46,896"
3734,2019,"14,834"
3735,2019,"3,995"
3736,2019,"1,110"
3737,2019,439
3738,2019,"28,067"
3739,2019,"46,896"
3740,2019,"17,678"
3741,2019,"16,475"
3742,2019,"12,743"
3743,2019,"358,700"
3744,2019,"52,300"
3745,2019,90
3746,2019,89
3747,2019,12
3748,2019,4
3749,2019,38
3750,2019,"1,672"
3751,2019,"1,649"
3752,2019,10
3753,2019,2
3754,2019,11
3755,2019,"1,495"
3756,2019,16
3757,2019,5
3758,2019,45
3759,2019,534
3760,2019,0
3761,2019,885
3762,2019,10
3763,2019,98
3764,2019,103
3765,2019,182
3766,2019,"1,148"
3767,2019,513
3768,2019,373
3769,2019,81
3770,2019,45
3771,2019,262
3772,2019,"1,148"
3773,2019,452
3774,2019,445
3775,2019,251
3776,2019,"203,600"
3777,2019,"22,100"
3778,2019,115
3779,2019,92
3780,2019,40
3781,2019,16
3782,2019,39
3783,2019,"10,301"
3784,2019,"9,903"
3785,2019,72
3786,2019,79
3787,2019,247
3788,2019,"9,302"
3789,2019,35
3790,2019,23
3791,2019,220
3792,2019,"4,066"
3793,2019,10
3794,2019,"4,803"
3795,2019,156
3796,2019,60
3797,2019,52
3798,2019,992
3799,2019,"6,441"
3800,2019,"4,011"
3801,2019,530
3802,2019,200
3803,2019,126
3804,2019,"1,900"
3805,2019,"6,441"
3806,2019,"2,572"
3807,2019,"2,857"
3808,2019,"1,013"
3809,2019,"302,600"
3810,2019,"29,100"
3811,2019,140
3812,2019,139
3813,2019,39
3814,2019,15
3815,2019,40
3816,2019,"12,944"
3817,2019,"12,588"
3818,2019,229
3819,2019,47
3820,2019,80
3821,2019,"11,860"
3822,2019,116
3823,2019,33
3824,2019,310
3825,2019,"4,413"
3826,2019,2
3827,2019,"6,835"
3828,2019,153
3829,2019,197
3830,2019,210
3831,2019,"1,097"
3832,2019,"10,902"
3833,2019,"4,735"
3834,2019,"3,132"
3835,2019,800
3836,2019,230
3837,2019,"3,035"
3838,2019,"10,902"
3839,2019,"4,837"
3840,2019,"4,031"
3841,2019,"2,034"
3842,2019,"106,900"
3843,2019,"9,100"
3844,2019,117
3845,2019,112
3846,2019,23
3847,2019,10
3848,2019,44
3849,2019,"1,181"
3850,2019,"1,142"
3851,2019,18
3852,2019,C
3853,2019,C
3854,2019,"1,008"
3855,2019,5
3856,2019,6
3857,2019,31
3858,2019,444
3859,2019,0
3860,2019,519
3861,2019,3
3862,2019,3
3863,2019,2
3864,2019,172
3865,2019,"1,556"
3866,2019,989
3867,2019,138
3868,2019,70
3869,2019,11
3870,2019,429
3871,2019,"1,556"
3872,2019,432
3873,2019,963
3874,2019,162
3875,2019,"149,900"
3876,2019,"21,800"
3877,2019,103
3878,2019,103
3879,2019,40
3880,2019,11
3881,2019,28
3882,2019,"7,526"
3883,2019,"7,234"
3884,2019,202
3885,2019,C
3886,2019,C
3887,2019,"6,966"
3888,2019,60
3889,2019,15
3890,2019,118
3891,2019,"2,542"
3892,2019,1
3893,2019,"4,106"
3894,2019,124
3895,2019,81
3896,2019,88
3897,2019,567
3898,2019,"6,434"
3899,2019,"2,705"
3900,2019,"1,599"
3901,2019,380
3902,2019,126
3903,2019,"2,129"
3904,2019,"6,434"
3905,2019,"3,240"
3906,2019,"2,075"
3907,2019,"1,119"
3908,2019,"106,700"
3909,2019,"8,000"
3910,2019,130
3911,2019,126
3912,2019,17
3913,2019,9
3914,2019,50
3915,2019,"4,237"
3916,2019,"4,211"
3917,2019,9
3918,2019,0
3919,2019,17
3920,2019,"3,887"
3921,2019,51
3922,2019,12
3923,2019,162
3924,2019,"1,426"
3925,2019,1
3926,2019,"2,210"
3927,2019,26
3928,2019,112
3929,2019,120
3930,2019,358
3931,2019,"2,912"
3932,2019,"1,040"
3933,2019,"1,395"
3934,2019,349
3935,2019,93
3936,2019,477
3937,2019,"2,912"
3938,2019,"1,165"
3939,2019,993
3940,2019,753
3941,2019,"99,300"
3942,2019,"8,400"
3943,2019,105
3944,2019,93
3945,2019,31
3946,2019,12
3947,2019,40
3948,2019,"1,557"
3949,2019,"1,514"
3950,2019,24
3951,2019,C
3952,2019,C
3953,2019,"1,443"
3954,2019,39
3955,2019,7
3956,2019,41
3957,2019,710
3958,2019,0
3959,2019,640
3960,2019,6
3961,2019,19
3962,2019,24
3963,2019,119
3964,2019,"1,529"
3965,2019,504
3966,2019,217
3967,2019,64
3968,2019,15
3969,2019,808
3970,2019,"1,529"
3971,2019,567
3972,2019,350
3973,2019,612
3974,2019,144
3975,2019,137
3976,2019,21
3977,2019,8
3978,2019,37
3979,2019,"1,557"
3980,2019,"1,514"
3981,2019,24
3982,2019,C
3983,2019,C
3984,2019,"1,443"
3985,2019,39
3986,2019,7
3987,2019,41
3988,2019,710
3989,2019,0
3990,2019,640
3991,2019,6
3992,2019,19
3993,2019,24
3994,2019,119
3995,2019,"1,529"
3996,2019,504
3997,2019,217
3998,2019,64
3999,2019,15
4000,2019,808
4001,2019,"1,529"
4002,2019,567
4003,2019,350
4004,2019,612
4005,2019,144
4006,2019,137
4007,2019,21
4008,2019,8
4009,2019,37
4010,2019,"1,557"
4011,2019,"1,514"
4012,2019,24
4013,2019,C
4014,2019,C
4015,2019,"1,443"
4016,2019,39
4017,2019,7
4018,2019,41
4019,2019,710
4020,2019,0
4021,2019,640
4022,2019,6
4023,2019,19
4024,2019,24
4025,2019,119
4026,2019,"1,529"
4027,2019,504
4028,2019,217
4029,2019,64
4030,2019,15
4031,2019,808
4032,2019,"1,529"
4033,2019,567
4034,2019,350
4035,2019,612
4036,2019,144
4037,2019,137
4038,2019,21
4039,2019,8
4040,2019,37
4041,2019,"4,917"
4042,2019,265
4043,2019,"4,422"
4044,2019,230
4045,2019,"4,360"
4046,2019,41
4047,2019,24
4048,2019,149
4049,2019,"2,277"
4050,2019,1
4051,2019,"1,816"
4052,2019,52
4053,2019,9
4054,2019,9
4055,2019,557
4056,2019,"6,372"
4057,2019,"1,614"
4058,2019,"3,111"
4059,2019,297
4060,2019,77
4061,2019,"1,646"
4062,2019,"6,372"
4063,2019,"4,314"
4064,2019,"1,469"
4065,2019,588
4066,2019,110
4067,2019,109
4068,2019,13
4069,2019,9
4070,2019,68
4071,2019,"1,474"
4072,2019,79
4073,2019,"1,393"
4074,2019,2
4075,2019,"1,389"
4076,2019,17
4077,2019,14
4078,2019,38
4079,2019,873
4080,2019,0
4081,2019,435
4082,2019,12
4083,2019,1
4084,2019,1
4085,2019,86
4086,2019,"1,416"
4087,2019,393
4088,2019,652
4089,2019,88
4090,2019,22
4091,2019,370
4092,2019,"1,416"
4093,2019,699
4094,2019,474
4095,2019,243
4096,2019,83
4097,2019,83
4098,2019,12
4099,2019,6
4100,2019,49
4101,2019,949
4102,2019,59
4103,2019,674
4104,2019,216
4105,2019,698
4106,2019,7
4107,2019,1
4108,2019,49
4109,2019,381
4110,2019,0
4111,2019,242
4112,2019,17
4113,2019,1
4114,2019,1
4115,2019,251
4116,2019,"2,738"
4117,2019,197
4118,2019,"1,681"
4119,2019,86
4120,2019,20
4121,2019,861
4122,2019,"2,738"
4123,2019,"2,338"
4124,2019,243
4125,2019,158
4126,2019,81
4127,2019,81
4128,2019,11
4129,2019,9
4130,2019,85
4131,2019,828
4132,2019,21
4133,2019,805
4134,2019,2
4135,2019,762
4136,2019,4
4137,2019,2
4138,2019,19
4139,2019,397
4140,2019,0
4141,2019,335
4142,2019,6
4143,2019,0
4144,2019,0
4145,2019,66
4146,2019,692
4147,2019,371
4148,2019,188
4149,2019,29
4150,2019,14
4151,2019,133
4152,2019,692
4153,2019,395
4154,2019,232
4155,2019,65
4156,2019,160
4157,2019,160
4158,2019,17
4159,2019,10
4160,2019,57
4161,2019,"1,666"
4162,2019,106
4163,2019,"1,550"
4164,2019,10
4165,2019,"1,512"
4166,2019,14
4167,2019,7
4168,2019,44
4169,2019,627
4170,2019,0
4171,2019,804
4172,2019,16
4173,2019,7
4174,2019,7
4175,2019,154
4176,2019,"1,526"
4177,2019,653
4178,2019,590
4179,2019,94
4180,2019,20
4181,2019,282
4182,2019,"1,526"
4183,2019,882
4184,2019,520
4185,2019,123
4186,2019,126
4187,2019,124
4188,2019,17
4189,2019,10
4190,2019,58
4191,2019,"18,887"
4192,2019,681
4193,2019,"17,894"
4194,2019,312
4195,2019,"16,546"
4196,2019,187
4197,2019,77
4198,2019,427
4199,2019,"7,848"
4200,2019,13
4201,2019,"7,875"
4202,2019,131
4203,2019,60
4204,2019,72
4205,2019,"2,354"
4206,2019,"23,501"
4207,2019,"5,504"
4208,2019,"9,388"
4209,2019,"1,618"
4210,2019,378
4211,2019,"8,609"
4212,2019,"23,501"
4213,2019,"11,991"
4214,2019,"5,139"
4215,2019,"6,370"
4216,2019,107
4217,2019,106
4218,2019,20
4219,2019,10
4220,2019,51
4221,2019,"1,252"
4222,2019,13
4223,2019,"1,222"
4224,2019,17
4225,2019,"1,125"
4226,2019,7
4227,2019,5
4228,2019,63
4229,2019,436
4230,2019,1
4231,2019,612
4232,2019,2
4233,2019,18
4234,2019,20
4235,2019,128
4236,2019,"1,500"
4237,2019,348
4238,2019,933
4239,2019,165
4240,2019,22
4241,2019,220
4242,2019,"1,500"
4243,2019,"1,123"
4244,2019,258
4245,2019,119
4246,2019,135
4247,2019,127
4248,2019,11
4249,2019,9
4250,2019,75
4251,2019,"10,806"
4252,2019,233
4253,2019,"10,523"
4254,2019,50
4255,2019,"9,306"
4256,2019,89
4257,2019,30
4258,2019,227
4259,2019,"4,070"
4260,2019,1
4261,2019,"4,843"
4262,2019,47
4263,2019,38
4264,2019,40
4265,2019,"1,502"
4266,2019,"6,776"
4267,2019,"2,636"
4268,2019,"2,163"
4269,2019,530
4270,2019,201
4271,2019,"1,977"
4272,2019,"6,776"
4273,2019,"3,477"
4274,2019,"2,120"
4275,2019,"1,179"
4276,2019,124
4277,2019,122
4278,2019,43
4279,2019,22
4280,2019,51
4281,2019,"6,829"
4282,2019,435
4283,2019,"6,150"
4284,2019,244
4285,2019,"6,114"
4286,2019,92
4287,2019,42
4288,2019,138
4289,2019,"3,342"
4290,2019,11
4291,2019,"2,420"
4292,2019,82
4293,2019,4
4294,2019,13
4295,2019,723
4296,2019,"15,225"
4297,2019,"2,521"
4298,2019,"6,292"
4299,2019,923
4300,2019,154
4301,2019,"6,412"
4302,2019,"15,225"
4303,2019,"7,391"
4304,2019,"2,761"
4305,2019,"5,072"
4306,2019,91
4307,2019,91
4308,2019,10
4309,2019,5
4310,2019,49
4311,2019,"20,387"
4312,2019,"18,004"
4313,2019,"1,992"
4314,2019,392
4315,2019,"18,196"
4316,2019,734
4317,2019,250
4318,2019,614
4319,2019,"4,724"
4320,2019,2
4321,2019,"11,625"
4322,2019,249
4323,2019,486
4324,2019,523
4325,2019,"2,228"
4326,2019,"25,213"
4327,2019,"8,166"
4328,2019,"10,682"
4329,2019,"1,501"
4330,2019,525
4331,2019,"6,365"
4332,2019,"25,213"
4333,2019,"17,236"
4334,2019,"5,566"
4335,2019,"2,411"
4336,2019,"205,200"
4337,2019,"22,400"
4338,2019,147
4339,2019,137
4340,2019,13
4341,2019,9
4342,2019,68
4343,2019,"8,675"
4344,2019,"7,678"
4345,2019,914
4346,2019,84
4347,2019,"7,660"
4348,2019,343
4349,2019,202
4350,2019,343
4351,2019,"1,415"
4352,2019,2
4353,2019,"5,165"
4354,2019,193
4355,2019,92
4356,2019,98
4357,2019,"1,021"
4358,2019,"10,140"
4359,2019,"2,168"
4360,2019,"6,485"
4361,2019,760
4362,2019,216
4363,2019,"1,488"
4364,2019,"10,140"
4365,2019,"6,920"
4366,2019,"2,209"
4367,2019,"1,011"
4368,2019,"250,600"
4369,2019,"29,500"
4370,2019,98
4371,2019,94
4372,2019,15
4373,2019,10
4374,2019,68
4375,2019,"1,001"
4376,2019,897
4377,2019,96
4378,2019,8
4379,2019,844
4380,2019,C
4381,2019,2
4382,2019,28
4383,2019,242
4384,2019,0
4385,2019,541
4386,2019,C
4387,2019,17
4388,2019,18
4389,2019,158
4390,2019,"2,083"
4391,2019,C
4392,2019,"1,503"
4393,2019,149
4394,2019,39
4395,2019,C
4396,2019,"2,083"
4397,2019,C
4398,2019,C
4399,2019,154
4400,2019,"198,700"
4401,2019,"31,400"
4402,2019,C
4403,2019,C
4404,2019,C
4405,2019,8
4406,2019,C
4407,2019,"3,209"
4408,2019,"2,350"
4409,2019,811
4410,2019,48
4411,2019,"3,034"
4412,2019,53
4413,2019,15
4414,2019,188
4415,2019,873
4416,2019,C
4417,2019,"1,789"
4418,2019,115
4419,2019,64
4420,2019,68
4421,2019,178
4422,2019,"6,130"
4423,2019,"1,384"
4424,2019,"3,963"
4425,2019,449
4426,2019,143
4427,2019,783
4428,2019,"6,130"
4429,2019,"3,899"
4430,2019,"1,513"
4431,2019,718
4432,2019,"134,400"
4433,2019,"7,500"
4434,2019,91
4435,2019,87
4436,2019,5
4437,2019,3
4438,2019,64
4439,2019,"4,465"
4440,2019,"4,430"
4441,2019,7
4442,2019,28
4443,2019,"3,782"
4444,2019,C
4445,2019,184
4446,2019,127
4447,2019,300
4448,2019,C
4449,2019,"2,834"
4450,2019,C
4451,2019,10
4452,2019,12
4453,2019,685
4454,2019,"1,927"
4455,2019,C
4456,2019,"1,019"
4457,2019,162
4458,2019,33
4459,2019,C
4460,2019,"1,927"
4461,2019,C
4462,2019,C
4463,2019,138
4464,2019,"782,200"
4465,2019,"120,000"
4466,2019,C
4467,2019,C
4468,2019,C
4469,2019,36
4470,2019,C
4471,2019,"11,712"
4472,2019,"10,326"
4473,2019,"1,078"
4474,2019,308
4475,2019,"10,536"
4476,2019,391
4477,2019,49
4478,2019,271
4479,2019,"3,309"
4480,2019,1
4481,2019,"6,460"
4482,2019,56
4483,2019,394
4484,2019,425
4485,2019,"1,207"
4486,2019,"15,073"
4487,2019,"5,998"
4488,2019,"4,198"
4489,2019,741
4490,2019,309
4491,2019,"4,877"
4492,2019,"15,073"
4493,2019,"10,315"
4494,2019,"3,357"
4495,2019,"1,401"
4496,2019,"180,900"
4497,2019,"18,600"
4498,2019,179
4499,2019,166
4500,2019,12
4501,2019,8
4502,2019,68
4503,2019,"6,177"
4504,2019,"6,136"
4505,2019,12
4506,2019,29
4507,2019,"5,705"
4508,2019,53
4509,2019,25
4510,2019,127
4511,2019,"1,668"
4512,2019,0
4513,2019,"3,809"
4514,2019,23
4515,2019,312
4516,2019,338
4517,2019,499
4518,2019,"3,119"
4519,2019,"1,610"
4520,2019,"1,063"
4521,2019,317
4522,2019,136
4523,2019,446
4524,2019,"3,119"
4525,2019,"1,056"
4526,2019,"1,390"
4527,2019,673
4528,2019,"216,900"
4529,2019,"17,500"
4530,2019,116
4531,2019,92
4532,2019,47
4533,2019,16
4534,2019,34
4535,2019,"2,397"
4536,2019,"2,386"
4537,2019,5
4538,2019,6
4539,2019,"2,140"
4540,2019,39
4541,2019,16
4542,2019,105
4543,2019,823
4544,2019,0
4545,2019,"1,148"
4546,2019,9
4547,2019,64
4548,2019,66
4549,2019,259
4550,2019,"1,864"
4551,2019,517
4552,2019,889
4553,2019,249
4554,2019,109
4555,2019,457
4556,2019,"1,864"
4557,2019,583
4558,2019,634
4559,2019,647
4560,2019,"121,100"
4561,2019,"13,100"
4562,2019,82
4563,2019,71
4564,2019,44
4565,2019,14
4566,2019,31
4567,2019,"3,138"
4568,2019,"1,803"
4569,2019,"1,061"
4570,2019,273
4571,2019,"2,691"
4572,2019,300
4573,2019,7
4574,2019,38
4575,2019,818
4576,2019,0
4577,2019,"1,503"
4578,2019,25
4579,2019,18
4580,2019,20
4581,2019,448
4582,2019,"10,090"
4583,2019,"3,871"
4584,2019,"2,246"
4585,2019,175
4586,2019,64
4587,2019,"3,973"
4588,2019,"10,090"
4589,2019,"8,677"
4590,2019,"1,333"
4591,2019,80
4592,2019,"190,500"
4593,2019,"27,200"
4594,2019,290
4595,2019,289
4596,2019,5
4597,2019,4
4598,2019,86
4599,2019,"45,225"
4600,2019,"1,594"
4601,2019,"43,116"
4602,2019,307
4603,2019,4
4604,2019,203
4605,2019,"42,858"
4606,2019,192
4607,2019,117
4608,2019,998
4609,2019,"5,018"
4610,2019,18
4611,2019,"1,141"
4612,2019,"35,202"
4613,2019,190
4614,2019,"4,708"
4615,2019,"5,037"
4616,2019,"2,696"
4617,2019,"32,774"
4618,2019,"13,551"
4619,2019,"12,421"
4620,2019,"2,108"
4621,2019,358
4622,2019,"6,802"
4623,2019,"32,774"
4624,2019,"15,308"
4625,2019,"10,028"
4626,2019,"7,438"
4627,2019,"598,600"
4628,2019,"35,700"
4629,2019,135
4630,2019,85
4631,2019,28
4632,2019,18
4633,2019,8
4634,2019,47
